{"arguments":{"height":667,"name":"mobile-word-cloud-2","width":375},"level":"debug","message":"Tool call received","service":"mcp-puppeteer","timestamp":"2026-01-16 00:00:02.921","tool":"puppeteer_screenshot"}
{"arguments":{"url":"http://localhost:5173"},"level":"debug","message":"Tool call received","service":"mcp-puppeteer","timestamp":"2026-01-16 00:00:57.725","tool":"puppeteer_navigate"}
{"level":"info","message":"Navigating to URL","service":"mcp-puppeteer","timestamp":"2026-01-16 00:00:57.726","url":"http://localhost:5173"}
{"level":"info","message":"Navigation successful","service":"mcp-puppeteer","status":304,"timestamp":"2026-01-16 00:01:01.094","url":"http://localhost:5173"}
{"arguments":{"height":900,"name":"current-state","width":1280},"level":"debug","message":"Tool call received","service":"mcp-puppeteer","timestamp":"2026-01-16 00:01:05.575","tool":"puppeteer_screenshot"}
{"arguments":{"script":"\n// Check for any JavaScript errors\nconst errors = [];\nwindow.onerror = function(msg) { errors.push(msg); };\nconsole.log('Checking for errors...');\n// Return current time and error count\nJSON.stringify({ \n  time: new Date().toISOString(), \n  errorCount: errors.length,\n  localStorage: {\n    sessionId: localStorage.getItem('wordcloud_session_id')?.substring(0, 8) + '...',\n    hasLastSubmission: !!localStorage.getItem('wordcloud_last_submission'),\n    votedPhrases: JSON.parse(localStorage.getItem('wordcloud_voted_phrases') || '[]').length\n  }\n});\n"},"level":"debug","message":"Tool call received","service":"mcp-puppeteer","timestamp":"2026-01-16 00:01:15.871","tool":"puppeteer_evaluate"}
{"level":"debug","message":"Executing script in browser","scriptLength":550,"service":"mcp-puppeteer","timestamp":"2026-01-16 00:01:15.872"}
{"hasResult":false,"level":"debug","logCount":1,"message":"Script execution result","resultType":"undefined","service":"mcp-puppeteer","timestamp":"2026-01-16 00:01:15.880"}
{"arguments":{"script":"\nconst result = {\n  sessionId: localStorage.getItem('wordcloud_session_id'),\n  hasLastSubmission: localStorage.getItem('wordcloud_last_submission'),\n  votedPhrases: localStorage.getItem('wordcloud_voted_phrases')\n};\nconsole.log(JSON.stringify(result, null, 2));\n"},"level":"debug","message":"Tool call received","service":"mcp-puppeteer","timestamp":"2026-01-16 00:01:21.599","tool":"puppeteer_evaluate"}
{"level":"debug","message":"Executing script in browser","scriptLength":262,"service":"mcp-puppeteer","timestamp":"2026-01-16 00:01:21.600"}
{"hasResult":false,"level":"debug","logCount":1,"message":"Script execution result","resultType":"undefined","service":"mcp-puppeteer","timestamp":"2026-01-16 00:01:21.606"}
{"level":"info","message":"Puppeteer MCP Server closing","service":"mcp-puppeteer","timestamp":"2026-01-16 00:02:15.181"}
{"level":"info","message":"Starting MCP server","service":"mcp-puppeteer","timestamp":"2026-01-16 00:02:22.844"}
{"level":"info","message":"MCP server started successfully","service":"mcp-puppeteer","timestamp":"2026-01-16 00:02:22.845"}
{"arguments":{"url":"http://localhost:5193"},"level":"debug","message":"Tool call received","service":"mcp-puppeteer","timestamp":"2026-01-16 00:03:34.447","tool":"puppeteer_navigate"}
{"0":"n","1":"p","2":"x","level":"info","message":"Launching browser with config:","service":"mcp-puppeteer","timestamp":"2026-01-16 00:03:34.448"}
{"level":"info","message":"Browser launched successfully","service":"mcp-puppeteer","timestamp":"2026-01-16 00:03:35.125"}
{"level":"info","message":"Navigating to URL","service":"mcp-puppeteer","timestamp":"2026-01-16 00:03:35.126","url":"http://localhost:5193"}
{"level":"info","message":"Navigation successful","service":"mcp-puppeteer","status":200,"timestamp":"2026-01-16 00:03:39.277","url":"http://localhost:5193"}
{"arguments":{"height":900,"name":"initial_load_verification","width":1280},"level":"debug","message":"Tool call received","service":"mcp-puppeteer","timestamp":"2026-01-16 00:03:42.736","tool":"puppeteer_screenshot"}
{"arguments":{"script":"window.scrollTo(0, document.body.scrollHeight); return \"Scrolled to bottom\";"},"level":"debug","message":"Tool call received","service":"mcp-puppeteer","timestamp":"2026-01-16 00:03:50.218","tool":"puppeteer_evaluate"}
{"level":"debug","message":"Executing script in browser","scriptLength":76,"service":"mcp-puppeteer","timestamp":"2026-01-16 00:03:50.218"}
{"hasResult":true,"level":"debug","logCount":0,"message":"Script execution result","resultType":"string","service":"mcp-puppeteer","timestamp":"2026-01-16 00:03:50.220"}
{"arguments":{"height":900,"name":"footer_verification","width":1280},"level":"debug","message":"Tool call received","service":"mcp-puppeteer","timestamp":"2026-01-16 00:03:53.653","tool":"puppeteer_screenshot"}
{"arguments":{"script":"window.scrollTo(0, 0); return \"Scrolled to top\";"},"level":"debug","message":"Tool call received","service":"mcp-puppeteer","timestamp":"2026-01-16 00:04:00.803","tool":"puppeteer_evaluate"}
{"level":"debug","message":"Executing script in browser","scriptLength":48,"service":"mcp-puppeteer","timestamp":"2026-01-16 00:04:00.803"}
{"hasResult":true,"level":"debug","logCount":0,"message":"Script execution result","resultType":"string","service":"mcp-puppeteer","timestamp":"2026-01-16 00:04:00.805"}
{"arguments":{"selector":"textarea","value":"Session 42 verification test"},"level":"debug","message":"Tool call received","service":"mcp-puppeteer","timestamp":"2026-01-16 00:04:05.508","tool":"puppeteer_fill"}
{"arguments":{"height":900,"name":"form_filled","width":1280},"level":"debug","message":"Tool call received","service":"mcp-puppeteer","timestamp":"2026-01-16 00:04:09.414","tool":"puppeteer_screenshot"}
{"arguments":{"selector":"button[type=\"submit\"]"},"level":"debug","message":"Tool call received","service":"mcp-puppeteer","timestamp":"2026-01-16 00:04:14.817","tool":"puppeteer_click"}
{"arguments":{"height":900,"name":"after_submission","width":1280},"level":"debug","message":"Tool call received","service":"mcp-puppeteer","timestamp":"2026-01-16 00:04:26.576","tool":"puppeteer_screenshot"}
{"arguments":{"selector":"text=learning"},"level":"debug","message":"Tool call received","service":"mcp-puppeteer","timestamp":"2026-01-16 00:04:33.961","tool":"puppeteer_click"}
{"arguments":{"height":900,"name":"after_vote","width":1280},"level":"debug","message":"Tool call received","service":"mcp-puppeteer","timestamp":"2026-01-16 00:04:44.881","tool":"puppeteer_screenshot"}
{"arguments":{"script":"\n// Check localStorage\nconst sessionId = localStorage.getItem('wordcloud_session_id');\nconst votedPhrases = localStorage.getItem('wordcloud_voted_phrases');\nconst lastSubmission = localStorage.getItem('wordcloud_last_submission');\nreturn {\n  sessionId: sessionId,\n  votedPhrases: votedPhrases,\n  lastSubmission: lastSubmission\n};\n"},"level":"debug","message":"Tool call received","service":"mcp-puppeteer","timestamp":"2026-01-16 00:05:17.525","tool":"puppeteer_evaluate"}
{"level":"debug","message":"Executing script in browser","scriptLength":330,"service":"mcp-puppeteer","timestamp":"2026-01-16 00:05:17.525"}
{"hasResult":true,"level":"debug","logCount":0,"message":"Script execution result","resultType":"object","service":"mcp-puppeteer","timestamp":"2026-01-16 00:05:17.527"}
{"arguments":{"script":"\n// Set viewport to mobile\nwindow.innerWidth = 375;\nwindow.innerHeight = 667;\nreturn \"Mobile viewport set\";\n"},"level":"debug","message":"Tool call received","service":"mcp-puppeteer","timestamp":"2026-01-16 00:05:22.325","tool":"puppeteer_evaluate"}
{"level":"debug","message":"Executing script in browser","scriptLength":108,"service":"mcp-puppeteer","timestamp":"2026-01-16 00:05:22.325"}
{"hasResult":true,"level":"debug","logCount":0,"message":"Script execution result","resultType":"string","service":"mcp-puppeteer","timestamp":"2026-01-16 00:05:22.327"}
{"arguments":{"url":"http://localhost:5193"},"level":"debug","message":"Tool call received","service":"mcp-puppeteer","timestamp":"2026-01-16 00:05:26.321","tool":"puppeteer_navigate"}
{"level":"info","message":"Navigating to URL","service":"mcp-puppeteer","timestamp":"2026-01-16 00:05:26.321","url":"http://localhost:5193"}
{"level":"info","message":"Navigation successful","service":"mcp-puppeteer","status":304,"timestamp":"2026-01-16 00:05:27.661","url":"http://localhost:5193"}
{"arguments":{"height":667,"name":"mobile_view","width":375},"level":"debug","message":"Tool call received","service":"mcp-puppeteer","timestamp":"2026-01-16 00:05:31.432","tool":"puppeteer_screenshot"}
{"arguments":{"script":"window.scrollTo(0, 500); return \"Scrolled\";"},"level":"debug","message":"Tool call received","service":"mcp-puppeteer","timestamp":"2026-01-16 00:05:36.552","tool":"puppeteer_evaluate"}
{"level":"debug","message":"Executing script in browser","scriptLength":43,"service":"mcp-puppeteer","timestamp":"2026-01-16 00:05:36.552"}
{"hasResult":true,"level":"debug","logCount":0,"message":"Script execution result","resultType":"string","service":"mcp-puppeteer","timestamp":"2026-01-16 00:05:36.554"}
{"arguments":{"height":667,"name":"mobile_wordcloud","width":375},"level":"debug","message":"Tool call received","service":"mcp-puppeteer","timestamp":"2026-01-16 00:05:41.335","tool":"puppeteer_screenshot"}
{"arguments":{"script":"window.scrollTo(0, 1000); return \"Scrolled\";"},"level":"debug","message":"Tool call received","service":"mcp-puppeteer","timestamp":"2026-01-16 00:05:47.324","tool":"puppeteer_evaluate"}
{"level":"debug","message":"Executing script in browser","scriptLength":44,"service":"mcp-puppeteer","timestamp":"2026-01-16 00:05:47.324"}
{"hasResult":true,"level":"debug","logCount":0,"message":"Script execution result","resultType":"string","service":"mcp-puppeteer","timestamp":"2026-01-16 00:05:47.325"}
{"arguments":{"height":667,"name":"mobile_wordcloud_view","width":375},"level":"debug","message":"Tool call received","service":"mcp-puppeteer","timestamp":"2026-01-16 00:05:51.638","tool":"puppeteer_screenshot"}
{"arguments":{"script":"\n// Check the current stats from the page\nconst submissionsEl = document.querySelector('[class*=\"text-2xl\"]');\nconst stats = document.querySelectorAll('.text-2xl, [class*=\"font-bold\"]');\nconst statValues = [];\nstats.forEach(el => {\n  if (el.textContent.match(/^\\d+$/)) {\n    statValues.push(el.textContent);\n  }\n});\nreturn { statsFound: statValues };\n"},"level":"debug","message":"Tool call received","service":"mcp-puppeteer","timestamp":"2026-01-16 00:06:02.351","tool":"puppeteer_evaluate"}
{"level":"debug","message":"Executing script in browser","scriptLength":351,"service":"mcp-puppeteer","timestamp":"2026-01-16 00:06:02.351"}
{"hasResult":true,"level":"debug","logCount":0,"message":"Script execution result","resultType":"object","service":"mcp-puppeteer","timestamp":"2026-01-16 00:06:02.353"}
{"arguments":{"script":"\n// Check for any errors in console\nconst errors = [];\nconst originalError = console.error;\nconsole.error = function(...args) {\n  errors.push(args.join(' '));\n  originalError.apply(console, args);\n};\nreturn { errorsCollected: errors.length, message: \"Monitoring started\" };\n"},"level":"debug","message":"Tool call received","service":"mcp-puppeteer","timestamp":"2026-01-16 00:06:09.788","tool":"puppeteer_evaluate"}
{"level":"debug","message":"Executing script in browser","scriptLength":274,"service":"mcp-puppeteer","timestamp":"2026-01-16 00:06:09.788"}
{"hasResult":true,"level":"debug","logCount":0,"message":"Script execution result","resultType":"object","service":"mcp-puppeteer","timestamp":"2026-01-16 00:06:09.789"}
{"level":"info","message":"Puppeteer MCP Server closing","service":"mcp-puppeteer","timestamp":"2026-01-16 00:07:00.569"}
{"level":"info","message":"Starting MCP server","service":"mcp-puppeteer","timestamp":"2026-01-16 00:07:09.818"}
{"level":"info","message":"MCP server started successfully","service":"mcp-puppeteer","timestamp":"2026-01-16 00:07:09.819"}
{"arguments":{"url":"http://localhost:5173"},"level":"debug","message":"Tool call received","service":"mcp-puppeteer","timestamp":"2026-01-16 00:08:23.660","tool":"puppeteer_navigate"}
{"0":"n","1":"p","2":"x","level":"info","message":"Launching browser with config:","service":"mcp-puppeteer","timestamp":"2026-01-16 00:08:23.661"}
{"level":"info","message":"Browser launched successfully","service":"mcp-puppeteer","timestamp":"2026-01-16 00:08:24.613"}
{"level":"info","message":"Navigating to URL","service":"mcp-puppeteer","timestamp":"2026-01-16 00:08:24.614","url":"http://localhost:5173"}
{"level":"info","message":"Navigation successful","service":"mcp-puppeteer","status":200,"timestamp":"2026-01-16 00:08:27.595","url":"http://localhost:5173"}
{"arguments":{"height":900,"name":"initial-verification-session43","width":1280},"level":"debug","message":"Tool call received","service":"mcp-puppeteer","timestamp":"2026-01-16 00:08:32.015","tool":"puppeteer_screenshot"}
{"arguments":{"selector":"textarea","value":"Session 43 verification test"},"level":"debug","message":"Tool call received","service":"mcp-puppeteer","timestamp":"2026-01-16 00:08:41.171","tool":"puppeteer_fill"}
{"arguments":{"height":900,"name":"form-filled-session43","width":1280},"level":"debug","message":"Tool call received","service":"mcp-puppeteer","timestamp":"2026-01-16 00:08:44.886","tool":"puppeteer_screenshot"}
{"arguments":{"selector":"button[type=\"submit\"]"},"level":"debug","message":"Tool call received","service":"mcp-puppeteer","timestamp":"2026-01-16 00:08:49.685","tool":"puppeteer_click"}
{"arguments":{"height":900,"name":"after-submission-session43","width":1280},"level":"debug","message":"Tool call received","service":"mcp-puppeteer","timestamp":"2026-01-16 00:09:01.754","tool":"puppeteer_screenshot"}
{"arguments":{"selector":"text=blockchain"},"level":"debug","message":"Tool call received","service":"mcp-puppeteer","timestamp":"2026-01-16 00:09:08.944","tool":"puppeteer_click"}
{"arguments":{"height":900,"name":"after-voting-session43","width":1280},"level":"debug","message":"Tool call received","service":"mcp-puppeteer","timestamp":"2026-01-16 00:09:19.441","tool":"puppeteer_screenshot"}
{"arguments":{"script":"window.scrollTo(0, document.body.scrollHeight)"},"level":"debug","message":"Tool call received","service":"mcp-puppeteer","timestamp":"2026-01-16 00:09:26.631","tool":"puppeteer_evaluate"}
{"level":"debug","message":"Executing script in browser","scriptLength":46,"service":"mcp-puppeteer","timestamp":"2026-01-16 00:09:26.631"}
{"hasResult":false,"level":"debug","logCount":0,"message":"Script execution result","resultType":"undefined","service":"mcp-puppeteer","timestamp":"2026-01-16 00:09:26.636"}
{"arguments":{"height":900,"name":"footer-view-session43","width":1280},"level":"debug","message":"Tool call received","service":"mcp-puppeteer","timestamp":"2026-01-16 00:09:30.968","tool":"puppeteer_screenshot"}
{"arguments":{"script":"window.scrollTo(0, 0)"},"level":"debug","message":"Tool call received","service":"mcp-puppeteer","timestamp":"2026-01-16 00:09:39.519","tool":"puppeteer_evaluate"}
{"level":"debug","message":"Executing script in browser","scriptLength":21,"service":"mcp-puppeteer","timestamp":"2026-01-16 00:09:39.520"}
{"hasResult":false,"level":"debug","logCount":0,"message":"Script execution result","resultType":"undefined","service":"mcp-puppeteer","timestamp":"2026-01-16 00:09:39.521"}
{"arguments":{"height":667,"name":"mobile-view-session43","width":375},"level":"debug","message":"Tool call received","service":"mcp-puppeteer","timestamp":"2026-01-16 00:09:44.342","tool":"puppeteer_screenshot"}
{"arguments":{"script":"\n// Return any console errors\nconst errors = [];\nconsole.error = function(...args) { errors.push(args.join(' ')); };\nreturn errors.length > 0 ? errors : 'No console errors detected';\n"},"level":"debug","message":"Tool call received","service":"mcp-puppeteer","timestamp":"2026-01-16 00:09:52.286","tool":"puppeteer_evaluate"}
{"level":"debug","message":"Executing script in browser","scriptLength":183,"service":"mcp-puppeteer","timestamp":"2026-01-16 00:09:52.286"}
{"hasResult":true,"level":"debug","logCount":0,"message":"Script execution result","resultType":"string","service":"mcp-puppeteer","timestamp":"2026-01-16 00:09:52.288"}
{"arguments":{"script":"\n// Check localStorage state\nreturn {\n  sessionId: localStorage.getItem('wordcloud_session_id'),\n  lastSubmission: localStorage.getItem('wordcloud_last_submission'),\n  votedPhrases: localStorage.getItem('wordcloud_voted_phrases')\n};\n"},"level":"debug","message":"Tool call received","service":"mcp-puppeteer","timestamp":"2026-01-16 00:10:08.406","tool":"puppeteer_evaluate"}
{"level":"debug","message":"Executing script in browser","scriptLength":233,"service":"mcp-puppeteer","timestamp":"2026-01-16 00:10:08.407"}
{"hasResult":true,"level":"debug","logCount":0,"message":"Script execution result","resultType":"object","service":"mcp-puppeteer","timestamp":"2026-01-16 00:10:08.408"}
{"arguments":{"url":"http://localhost:5173"},"level":"debug","message":"Tool call received","service":"mcp-puppeteer","timestamp":"2026-01-16 00:11:13.652","tool":"puppeteer_navigate"}
{"level":"info","message":"Navigating to URL","service":"mcp-puppeteer","timestamp":"2026-01-16 00:11:13.652","url":"http://localhost:5173"}
{"level":"info","message":"Navigation successful","service":"mcp-puppeteer","status":304,"timestamp":"2026-01-16 00:11:17.127","url":"http://localhost:5173"}
{"arguments":{"height":900,"name":"final-verification-session43","width":1280},"level":"debug","message":"Tool call received","service":"mcp-puppeteer","timestamp":"2026-01-16 00:11:21.473","tool":"puppeteer_screenshot"}
{"level":"info","message":"Puppeteer MCP Server closing","service":"mcp-puppeteer","timestamp":"2026-01-16 00:12:47.432"}
{"level":"info","message":"Starting MCP server","service":"mcp-puppeteer","timestamp":"2026-01-16 00:12:55.542"}
{"level":"info","message":"MCP server started successfully","service":"mcp-puppeteer","timestamp":"2026-01-16 00:12:55.544"}
{"arguments":{"url":"http://localhost:5195"},"level":"debug","message":"Tool call received","service":"mcp-puppeteer","timestamp":"2026-01-16 00:14:08.355","tool":"puppeteer_navigate"}
{"0":"n","1":"p","2":"x","level":"info","message":"Launching browser with config:","service":"mcp-puppeteer","timestamp":"2026-01-16 00:14:08.355"}
{"level":"info","message":"Browser launched successfully","service":"mcp-puppeteer","timestamp":"2026-01-16 00:14:09.035"}
{"level":"info","message":"Navigating to URL","service":"mcp-puppeteer","timestamp":"2026-01-16 00:14:09.035","url":"http://localhost:5195"}
{"level":"info","message":"Navigation successful","service":"mcp-puppeteer","status":200,"timestamp":"2026-01-16 00:14:13.578","url":"http://localhost:5195"}
{"arguments":{"height":900,"name":"initial-load-verification","width":1280},"level":"debug","message":"Tool call received","service":"mcp-puppeteer","timestamp":"2026-01-16 00:14:17.125","tool":"puppeteer_screenshot"}
{"arguments":{"script":"window.scrollTo(0, document.body.scrollHeight)"},"level":"debug","message":"Tool call received","service":"mcp-puppeteer","timestamp":"2026-01-16 00:14:27.156","tool":"puppeteer_evaluate"}
{"level":"debug","message":"Executing script in browser","scriptLength":46,"service":"mcp-puppeteer","timestamp":"2026-01-16 00:14:27.156"}
{"hasResult":false,"level":"debug","logCount":0,"message":"Script execution result","resultType":"undefined","service":"mcp-puppeteer","timestamp":"2026-01-16 00:14:27.158"}
{"arguments":{"height":900,"name":"footer-verification","width":1280},"level":"debug","message":"Tool call received","service":"mcp-puppeteer","timestamp":"2026-01-16 00:14:31.433","tool":"puppeteer_screenshot"}
{"arguments":{"script":"window.scrollTo(0, 0)"},"level":"debug","message":"Tool call received","service":"mcp-puppeteer","timestamp":"2026-01-16 00:14:37.317","tool":"puppeteer_evaluate"}
{"level":"debug","message":"Executing script in browser","scriptLength":21,"service":"mcp-puppeteer","timestamp":"2026-01-16 00:14:37.317"}
{"hasResult":false,"level":"debug","logCount":0,"message":"Script execution result","resultType":"undefined","service":"mcp-puppeteer","timestamp":"2026-01-16 00:14:37.319"}
{"arguments":{"selector":"textarea","value":"Session 44 verification test"},"level":"debug","message":"Tool call received","service":"mcp-puppeteer","timestamp":"2026-01-16 00:14:41.046","tool":"puppeteer_fill"}
{"arguments":{"height":900,"name":"form-filled-verification","width":1280},"level":"debug","message":"Tool call received","service":"mcp-puppeteer","timestamp":"2026-01-16 00:14:44.823","tool":"puppeteer_screenshot"}
{"arguments":{"selector":"button[type=\"submit\"]"},"level":"debug","message":"Tool call received","service":"mcp-puppeteer","timestamp":"2026-01-16 00:14:50.172","tool":"puppeteer_click"}
{"arguments":{"height":900,"name":"after-submission","width":1280},"level":"debug","message":"Tool call received","service":"mcp-puppeteer","timestamp":"2026-01-16 00:15:02.509","tool":"puppeteer_screenshot"}
{"arguments":{"selector":"text=machine"},"level":"debug","message":"Tool call received","service":"mcp-puppeteer","timestamp":"2026-01-16 00:15:10.692","tool":"puppeteer_click"}
{"arguments":{"height":900,"name":"after-voting","width":1280},"level":"debug","message":"Tool call received","service":"mcp-puppeteer","timestamp":"2026-01-16 00:15:20.723","tool":"puppeteer_screenshot"}
{"arguments":{"script":"window.scrollTo(0, document.body.scrollHeight)"},"level":"debug","message":"Tool call received","service":"mcp-puppeteer","timestamp":"2026-01-16 00:15:27.754","tool":"puppeteer_evaluate"}
{"level":"debug","message":"Executing script in browser","scriptLength":46,"service":"mcp-puppeteer","timestamp":"2026-01-16 00:15:27.754"}
{"hasResult":false,"level":"debug","logCount":0,"message":"Script execution result","resultType":"undefined","service":"mcp-puppeteer","timestamp":"2026-01-16 00:15:27.755"}
{"arguments":{"height":900,"name":"bottom-view-after-vote","width":1280},"level":"debug","message":"Tool call received","service":"mcp-puppeteer","timestamp":"2026-01-16 00:15:32.109","tool":"puppeteer_screenshot"}
{"arguments":{"script":"window.scrollTo(0, 0)"},"level":"debug","message":"Tool call received","service":"mcp-puppeteer","timestamp":"2026-01-16 00:15:40.117","tool":"puppeteer_evaluate"}
{"level":"debug","message":"Executing script in browser","scriptLength":21,"service":"mcp-puppeteer","timestamp":"2026-01-16 00:15:40.117"}
{"hasResult":false,"level":"debug","logCount":0,"message":"Script execution result","resultType":"undefined","service":"mcp-puppeteer","timestamp":"2026-01-16 00:15:40.118"}
{"arguments":{"height":667,"name":"mobile-view-test","width":375},"level":"debug","message":"Tool call received","service":"mcp-puppeteer","timestamp":"2026-01-16 00:15:44.899","tool":"puppeteer_screenshot"}
{"arguments":{"script":"JSON.stringify({\n  sessionId: localStorage.getItem('wordcloud_session_id'),\n  lastSubmission: localStorage.getItem('wordcloud_last_submission'),\n  votedPhrases: JSON.parse(localStorage.getItem('wordcloud_voted_phrases') || '[]')\n})"},"level":"debug","message":"Tool call received","service":"mcp-puppeteer","timestamp":"2026-01-16 00:15:51.788","tool":"puppeteer_evaluate"}
{"level":"debug","message":"Executing script in browser","scriptLength":231,"service":"mcp-puppeteer","timestamp":"2026-01-16 00:15:51.788"}
{"hasResult":false,"level":"debug","logCount":0,"message":"Script execution result","resultType":"undefined","service":"mcp-puppeteer","timestamp":"2026-01-16 00:15:51.789"}
{"arguments":{"script":"\nconst data = {\n  sessionId: localStorage.getItem('wordcloud_session_id'),\n  lastSubmission: localStorage.getItem('wordcloud_last_submission'),\n  votedPhrases: JSON.parse(localStorage.getItem('wordcloud_voted_phrases') || '[]')\n};\nconsole.log(JSON.stringify(data));\ndata;\n"},"level":"debug","message":"Tool call received","service":"mcp-puppeteer","timestamp":"2026-01-16 00:15:57.377","tool":"puppeteer_evaluate"}
{"level":"debug","message":"Executing script in browser","scriptLength":272,"service":"mcp-puppeteer","timestamp":"2026-01-16 00:15:57.377"}
{"hasResult":false,"level":"debug","logCount":1,"message":"Script execution result","resultType":"undefined","service":"mcp-puppeteer","timestamp":"2026-01-16 00:15:57.379"}
{"level":"info","message":"Puppeteer MCP Server closing","service":"mcp-puppeteer","timestamp":"2026-01-16 00:17:04.353"}
{"level":"info","message":"Starting MCP server","service":"mcp-puppeteer","timestamp":"2026-01-16 00:17:12.312"}
{"level":"info","message":"MCP server started successfully","service":"mcp-puppeteer","timestamp":"2026-01-16 00:17:12.314"}
{"arguments":{"url":"http://localhost:5173"},"level":"debug","message":"Tool call received","service":"mcp-puppeteer","timestamp":"2026-01-16 00:18:26.843","tool":"puppeteer_navigate"}
{"0":"n","1":"p","2":"x","level":"info","message":"Launching browser with config:","service":"mcp-puppeteer","timestamp":"2026-01-16 00:18:26.844"}
{"level":"info","message":"Browser launched successfully","service":"mcp-puppeteer","timestamp":"2026-01-16 00:18:27.392"}
{"level":"info","message":"Navigating to URL","service":"mcp-puppeteer","timestamp":"2026-01-16 00:18:27.392","url":"http://localhost:5173"}
{"level":"info","message":"Navigation successful","service":"mcp-puppeteer","status":200,"timestamp":"2026-01-16 00:18:31.495","url":"http://localhost:5173"}
{"arguments":{"height":900,"name":"initial-load-verification","width":1280},"level":"debug","message":"Tool call received","service":"mcp-puppeteer","timestamp":"2026-01-16 00:18:35.144","tool":"puppeteer_screenshot"}
{"arguments":{"script":"window.scrollTo(0, document.body.scrollHeight); true;"},"level":"debug","message":"Tool call received","service":"mcp-puppeteer","timestamp":"2026-01-16 00:18:42.818","tool":"puppeteer_evaluate"}
{"level":"debug","message":"Executing script in browser","scriptLength":53,"service":"mcp-puppeteer","timestamp":"2026-01-16 00:18:42.818"}
{"hasResult":false,"level":"debug","logCount":0,"message":"Script execution result","resultType":"undefined","service":"mcp-puppeteer","timestamp":"2026-01-16 00:18:42.824"}
{"arguments":{"height":900,"name":"footer-verification","width":1280},"level":"debug","message":"Tool call received","service":"mcp-puppeteer","timestamp":"2026-01-16 00:18:46.377","tool":"puppeteer_screenshot"}
{"arguments":{"script":"window.scrollTo(0, 0); true;"},"level":"debug","message":"Tool call received","service":"mcp-puppeteer","timestamp":"2026-01-16 00:18:53.526","tool":"puppeteer_evaluate"}
{"level":"debug","message":"Executing script in browser","scriptLength":28,"service":"mcp-puppeteer","timestamp":"2026-01-16 00:18:53.527"}
{"hasResult":false,"level":"debug","logCount":0,"message":"Script execution result","resultType":"undefined","service":"mcp-puppeteer","timestamp":"2026-01-16 00:18:53.535"}
{"arguments":{"selector":"textarea","value":"Session 45 verification test automated"},"level":"debug","message":"Tool call received","service":"mcp-puppeteer","timestamp":"2026-01-16 00:18:58.269","tool":"puppeteer_fill"}
{"arguments":{"height":900,"name":"form-filled","width":1280},"level":"debug","message":"Tool call received","service":"mcp-puppeteer","timestamp":"2026-01-16 00:19:02.515","tool":"puppeteer_screenshot"}
{"arguments":{"selector":"button[type=\"submit\"]"},"level":"debug","message":"Tool call received","service":"mcp-puppeteer","timestamp":"2026-01-16 00:19:08.579","tool":"puppeteer_click"}
{"arguments":{"height":900,"name":"after-submission","width":1280},"level":"debug","message":"Tool call received","service":"mcp-puppeteer","timestamp":"2026-01-16 00:19:20.276","tool":"puppeteer_screenshot"}
{"arguments":{"selector":"text=blockchain"},"level":"debug","message":"Tool call received","service":"mcp-puppeteer","timestamp":"2026-01-16 00:19:29.330","tool":"puppeteer_click"}
{"arguments":{"height":900,"name":"after-vote","width":1280},"level":"debug","message":"Tool call received","service":"mcp-puppeteer","timestamp":"2026-01-16 00:19:40.836","tool":"puppeteer_screenshot"}
{"arguments":{"height":667,"name":"mobile-view","width":375},"level":"debug","message":"Tool call received","service":"mcp-puppeteer","timestamp":"2026-01-16 00:19:49.032","tool":"puppeteer_screenshot"}
{"arguments":{"script":"JSON.stringify({\n  sessionId: localStorage.getItem('wordcloud_session_id'),\n  lastSubmission: localStorage.getItem('wordcloud_last_submission'),\n  votedPhrases: JSON.parse(localStorage.getItem('wordcloud_voted_phrases') || '[]')\n}, null, 2)"},"level":"debug","message":"Tool call received","service":"mcp-puppeteer","timestamp":"2026-01-16 00:19:55.838","tool":"puppeteer_evaluate"}
{"level":"debug","message":"Executing script in browser","scriptLength":240,"service":"mcp-puppeteer","timestamp":"2026-01-16 00:19:55.838"}
{"hasResult":false,"level":"debug","logCount":0,"message":"Script execution result","resultType":"undefined","service":"mcp-puppeteer","timestamp":"2026-01-16 00:19:55.839"}
{"arguments":{"script":"\nconst data = {\n  sessionId: localStorage.getItem('wordcloud_session_id'),\n  lastSubmission: localStorage.getItem('wordcloud_last_submission'),\n  votedPhrases: localStorage.getItem('wordcloud_voted_phrases')\n};\nconsole.log('LocalStorage data:', JSON.stringify(data));\ndata;\n"},"level":"debug","message":"Tool call received","service":"mcp-puppeteer","timestamp":"2026-01-16 00:20:01.958","tool":"puppeteer_evaluate"}
{"level":"debug","message":"Executing script in browser","scriptLength":274,"service":"mcp-puppeteer","timestamp":"2026-01-16 00:20:01.958"}
{"hasResult":false,"level":"debug","logCount":1,"message":"Script execution result","resultType":"undefined","service":"mcp-puppeteer","timestamp":"2026-01-16 00:20:01.962"}
{"arguments":{"script":"\n// Check if there are any JavaScript errors by looking at the performance entries\nconst entries = performance.getEntriesByType('resource');\nconst failedResources = entries.filter(e => e.transferSize === 0 && !e.name.includes('data:'));\nconsole.log('Failed resources:', failedResources.length);\n'No errors detected - app is stable';\n"},"level":"debug","message":"Tool call received","service":"mcp-puppeteer","timestamp":"2026-01-16 00:20:10.088","tool":"puppeteer_evaluate"}
{"level":"debug","message":"Executing script in browser","scriptLength":333,"service":"mcp-puppeteer","timestamp":"2026-01-16 00:20:10.089"}
{"hasResult":false,"level":"debug","logCount":1,"message":"Script execution result","resultType":"undefined","service":"mcp-puppeteer","timestamp":"2026-01-16 00:20:10.092"}
{"arguments":{"height":1080,"name":"final-verification-desktop","width":1920},"level":"debug","message":"Tool call received","service":"mcp-puppeteer","timestamp":"2026-01-16 00:20:16.335","tool":"puppeteer_screenshot"}
{"arguments":{"script":"\n// Check how many phrases are in the word cloud\nconst wordCloudTexts = document.querySelectorAll('[class*=\"word-cloud\"] text, svg text');\nconsole.log('Word cloud elements:', wordCloudTexts.length);\nwordCloudTexts.length;\n"},"level":"debug","message":"Tool call received","service":"mcp-puppeteer","timestamp":"2026-01-16 00:20:40.697","tool":"puppeteer_evaluate"}
{"level":"debug","message":"Executing script in browser","scriptLength":222,"service":"mcp-puppeteer","timestamp":"2026-01-16 00:20:40.698"}
{"hasResult":false,"level":"debug","logCount":1,"message":"Script execution result","resultType":"undefined","service":"mcp-puppeteer","timestamp":"2026-01-16 00:20:40.699"}
{"level":"info","message":"Puppeteer MCP Server closing","service":"mcp-puppeteer","timestamp":"2026-01-16 00:21:55.779"}
{"level":"info","message":"Starting MCP server","service":"mcp-puppeteer","timestamp":"2026-01-16 00:22:03.751"}
{"level":"info","message":"MCP server started successfully","service":"mcp-puppeteer","timestamp":"2026-01-16 00:22:03.752"}
{"arguments":{"url":"http://localhost:5173"},"level":"debug","message":"Tool call received","service":"mcp-puppeteer","timestamp":"2026-01-16 00:23:25.631","tool":"puppeteer_navigate"}
{"0":"n","1":"p","2":"x","level":"info","message":"Launching browser with config:","service":"mcp-puppeteer","timestamp":"2026-01-16 00:23:25.632"}
{"level":"info","message":"Browser launched successfully","service":"mcp-puppeteer","timestamp":"2026-01-16 00:23:26.227"}
{"level":"info","message":"Navigating to URL","service":"mcp-puppeteer","timestamp":"2026-01-16 00:23:26.228","url":"http://localhost:5173"}
{"level":"info","message":"Navigation successful","service":"mcp-puppeteer","status":200,"timestamp":"2026-01-16 00:23:30.014","url":"http://localhost:5173"}
{"arguments":{"height":900,"name":"initial-page-load","width":1280},"level":"debug","message":"Tool call received","service":"mcp-puppeteer","timestamp":"2026-01-16 00:23:33.332","tool":"puppeteer_screenshot"}
{"arguments":{"selector":"textarea","value":"Session 46 verification automated testing"},"level":"debug","message":"Tool call received","service":"mcp-puppeteer","timestamp":"2026-01-16 00:23:41.697","tool":"puppeteer_fill"}
{"arguments":{"height":900,"name":"filled-form","width":1280},"level":"debug","message":"Tool call received","service":"mcp-puppeteer","timestamp":"2026-01-16 00:23:45.610","tool":"puppeteer_screenshot"}
{"arguments":{"selector":"button[type=\"submit\"]"},"level":"debug","message":"Tool call received","service":"mcp-puppeteer","timestamp":"2026-01-16 00:23:51.275","tool":"puppeteer_click"}
{"arguments":{"height":900,"name":"after-submission","width":1280},"level":"debug","message":"Tool call received","service":"mcp-puppeteer","timestamp":"2026-01-16 00:24:02.911","tool":"puppeteer_screenshot"}
{"arguments":{"selector":".word-cloud-word"},"level":"debug","message":"Tool call received","service":"mcp-puppeteer","timestamp":"2026-01-16 00:24:10.364","tool":"puppeteer_click"}
{"arguments":{"script":"\n// Find all clickable elements in the word cloud area\nconst wordCloudDiv = document.querySelector('[class*=\"word\"]') || document.querySelector('.community-ideas') || document.querySelector('[class*=\"cloud\"]');\nif (!wordCloudDiv) {\n  // Look for any text/span elements with inline styles (common for word clouds)\n  const textElements = document.querySelectorAll('text, span[style*=\"font-size\"]');\n  return {found: textElements.length, firstFew: Array.from(textElements).slice(0,5).map(e => ({tag: e.tagName, text: e.textContent, class: e.className}))};\n}\nreturn {cloudDiv: wordCloudDiv.className, children: wordCloudDiv.innerHTML.substring(0, 500)};\n"},"level":"debug","message":"Tool call received","service":"mcp-puppeteer","timestamp":"2026-01-16 00:24:18.118","tool":"puppeteer_evaluate"}
{"level":"debug","message":"Executing script in browser","scriptLength":650,"service":"mcp-puppeteer","timestamp":"2026-01-16 00:24:18.119"}
{"hasResult":true,"level":"debug","logCount":0,"message":"Script execution result","resultType":"object","service":"mcp-puppeteer","timestamp":"2026-01-16 00:24:18.121"}
{"arguments":{"selector":"text"},"level":"debug","message":"Tool call received","service":"mcp-puppeteer","timestamp":"2026-01-16 00:24:22.360","tool":"puppeteer_click"}
{"arguments":{"height":900,"name":"after-vote","width":1280},"level":"debug","message":"Tool call received","service":"mcp-puppeteer","timestamp":"2026-01-16 00:24:33.822","tool":"puppeteer_screenshot"}
{"arguments":{"script":"window.scrollTo(0, document.body.scrollHeight); return 'scrolled to bottom';"},"level":"debug","message":"Tool call received","service":"mcp-puppeteer","timestamp":"2026-01-16 00:24:41.731","tool":"puppeteer_evaluate"}
{"level":"debug","message":"Executing script in browser","scriptLength":76,"service":"mcp-puppeteer","timestamp":"2026-01-16 00:24:41.731"}
{"hasResult":true,"level":"debug","logCount":0,"message":"Script execution result","resultType":"string","service":"mcp-puppeteer","timestamp":"2026-01-16 00:24:41.733"}
{"arguments":{"height":900,"name":"footer-view","width":1280},"level":"debug","message":"Tool call received","service":"mcp-puppeteer","timestamp":"2026-01-16 00:24:46.629","tool":"puppeteer_screenshot"}
{"arguments":{"url":"http://localhost:5173"},"level":"debug","message":"Tool call received","service":"mcp-puppeteer","timestamp":"2026-01-16 00:27:48.624","tool":"puppeteer_navigate"}
{"level":"info","message":"Navigating to URL","service":"mcp-puppeteer","timestamp":"2026-01-16 00:27:48.624","url":"http://localhost:5173"}
{"error":"net::ERR_CONNECTION_REFUSED at http://localhost:5173","level":"error","message":"Navigation failed","service":"mcp-puppeteer","timestamp":"2026-01-16 00:27:51.061","url":"http://localhost:5173"}
{"arguments":{"url":"http://localhost:5173"},"level":"debug","message":"Tool call received","service":"mcp-puppeteer","timestamp":"2026-01-16 00:28:11.166","tool":"puppeteer_navigate"}
{"level":"info","message":"Navigating to URL","service":"mcp-puppeteer","timestamp":"2026-01-16 00:28:11.166","url":"http://localhost:5173"}
{"level":"info","message":"Navigation successful","service":"mcp-puppeteer","status":200,"timestamp":"2026-01-16 00:28:13.644","url":"http://localhost:5173"}
{"arguments":{"height":900,"name":"after-changes","width":1280},"level":"debug","message":"Tool call received","service":"mcp-puppeteer","timestamp":"2026-01-16 00:28:18.430","tool":"puppeteer_screenshot"}
{"arguments":{"script":"\n// Get any console errors\nconst errors = [];\nconst originalError = console.error;\nconsole.error = function(...args) {\n  errors.push(args.join(' '));\n  originalError.apply(console, args);\n};\n// Also check if real-time is connected\nreturn {\n  consoleErrors: errors.length === 0 ? 'No errors captured' : errors,\n  localStorage: {\n    sessionId: localStorage.getItem('wordcloud_session_id'),\n    votedPhrases: localStorage.getItem('wordcloud_voted_phrases')\n  }\n};\n"},"level":"debug","message":"Tool call received","service":"mcp-puppeteer","timestamp":"2026-01-16 00:28:27.632","tool":"puppeteer_evaluate"}
{"level":"debug","message":"Executing script in browser","scriptLength":462,"service":"mcp-puppeteer","timestamp":"2026-01-16 00:28:27.632"}
{"hasResult":true,"level":"debug","logCount":0,"message":"Script execution result","resultType":"object","service":"mcp-puppeteer","timestamp":"2026-01-16 00:28:27.634"}
{"arguments":{"height":900,"name":"rate-limit-expired","width":1280},"level":"debug","message":"Tool call received","service":"mcp-puppeteer","timestamp":"2026-01-16 00:29:19.957","tool":"puppeteer_screenshot"}
{"arguments":{"selector":"textarea","value":"Session 46 retry toast test feature"},"level":"debug","message":"Tool call received","service":"mcp-puppeteer","timestamp":"2026-01-16 00:29:26.291","tool":"puppeteer_fill"}
{"arguments":{"selector":"button[type=\"submit\"]"},"level":"debug","message":"Tool call received","service":"mcp-puppeteer","timestamp":"2026-01-16 00:29:32.129","tool":"puppeteer_click"}
{"arguments":{"height":900,"name":"submission-success","width":1280},"level":"debug","message":"Tool call received","service":"mcp-puppeteer","timestamp":"2026-01-16 00:29:46.064","tool":"puppeteer_screenshot"}
{"arguments":{"script":"\n// Find a phrase that hasn't been voted on yet\nconst votedPhrases = JSON.parse(localStorage.getItem('wordcloud_voted_phrases') || '[]');\nconst textElements = document.querySelectorAll('text');\nconst unvotedPhrases = Array.from(textElements)\n  .filter(el => !votedPhrases.includes(el.textContent.toLowerCase()))\n  .map(el => el.textContent);\nreturn { votedPhrases, unvotedPhrases: unvotedPhrases.slice(0, 10) };\n"},"level":"debug","message":"Tool call received","service":"mcp-puppeteer","timestamp":"2026-01-16 00:29:55.432","tool":"puppeteer_evaluate"}
{"level":"debug","message":"Executing script in browser","scriptLength":412,"service":"mcp-puppeteer","timestamp":"2026-01-16 00:29:55.432"}
{"hasResult":true,"level":"debug","logCount":0,"message":"Script execution result","resultType":"object","service":"mcp-puppeteer","timestamp":"2026-01-16 00:29:55.434"}
{"arguments":{"script":"\n// Find and click the blockchain text element\nconst textElements = document.querySelectorAll('text');\nfor (const el of textElements) {\n  if (el.textContent === 'blockchain') {\n    el.click();\n    return 'Clicked on blockchain';\n  }\n}\nreturn 'blockchain not found';\n"},"level":"debug","message":"Tool call received","service":"mcp-puppeteer","timestamp":"2026-01-16 00:30:02.446","tool":"puppeteer_evaluate"}
{"level":"debug","message":"Executing script in browser","scriptLength":266,"service":"mcp-puppeteer","timestamp":"2026-01-16 00:30:02.447"}
{"hasResult":true,"level":"debug","logCount":1,"message":"Script execution result","resultType":"object","service":"mcp-puppeteer","timestamp":"2026-01-16 00:30:02.448"}
{"arguments":{"script":"\n// Find the blockchain text element and dispatch a click event\nconst textElements = document.querySelectorAll('text');\nfor (const el of textElements) {\n  if (el.textContent === 'blockchain') {\n    const event = new MouseEvent('click', {\n      bubbles: true,\n      cancelable: true,\n      view: window\n    });\n    el.dispatchEvent(event);\n    return 'Clicked on blockchain';\n  }\n}\nreturn 'blockchain not found';\n"},"level":"debug","message":"Tool call received","service":"mcp-puppeteer","timestamp":"2026-01-16 00:30:08.992","tool":"puppeteer_evaluate"}
{"level":"debug","message":"Executing script in browser","scriptLength":412,"service":"mcp-puppeteer","timestamp":"2026-01-16 00:30:08.993"}
{"hasResult":true,"level":"debug","logCount":0,"message":"Script execution result","resultType":"string","service":"mcp-puppeteer","timestamp":"2026-01-16 00:30:08.997"}
{"arguments":{"height":900,"name":"vote-on-blockchain","width":1280},"level":"debug","message":"Tool call received","service":"mcp-puppeteer","timestamp":"2026-01-16 00:30:22.233","tool":"puppeteer_screenshot"}
{"arguments":{"script":"\nconst votedPhrases = JSON.parse(localStorage.getItem('wordcloud_voted_phrases') || '[]');\nreturn { votedPhrases };\n"},"level":"debug","message":"Tool call received","service":"mcp-puppeteer","timestamp":"2026-01-16 00:30:30.012","tool":"puppeteer_evaluate"}
{"level":"debug","message":"Executing script in browser","scriptLength":116,"service":"mcp-puppeteer","timestamp":"2026-01-16 00:30:30.012"}
{"hasResult":true,"level":"debug","logCount":0,"message":"Script execution result","resultType":"object","service":"mcp-puppeteer","timestamp":"2026-01-16 00:30:30.014"}
{"arguments":{"url":"http://localhost:5173"},"level":"debug","message":"Tool call received","service":"mcp-puppeteer","timestamp":"2026-01-16 00:32:08.271","tool":"puppeteer_navigate"}
{"level":"info","message":"Navigating to URL","service":"mcp-puppeteer","timestamp":"2026-01-16 00:32:08.271","url":"http://localhost:5173"}
{"level":"info","message":"Navigation successful","service":"mcp-puppeteer","status":304,"timestamp":"2026-01-16 00:32:09.778","url":"http://localhost:5173"}
{"arguments":{"height":900,"name":"final-verification","width":1280},"level":"debug","message":"Tool call received","service":"mcp-puppeteer","timestamp":"2026-01-16 00:32:15.023","tool":"puppeteer_screenshot"}
{"arguments":{"script":"\n// Check for any console errors that might have occurred\nconst logs = [];\nconst originalConsoleError = console.error;\nconsole.error = function(...args) {\n  logs.push({type: 'error', message: args.join(' ')});\n  originalConsoleError.apply(console, args);\n};\n\n// Check if real-time is connected\nconst rtStatus = window.__SUPABASE_DEBUG__ || 'not exposed';\n\nreturn {\n  errors: logs.length === 0 ? 'No errors detected' : logs,\n  documentReady: document.readyState,\n  appLoaded: document.querySelector('[class*=\"min-h-screen\"]') !== null\n};\n"},"level":"debug","message":"Tool call received","service":"mcp-puppeteer","timestamp":"2026-01-16 00:32:25.432","tool":"puppeteer_evaluate"}
{"level":"debug","message":"Executing script in browser","scriptLength":537,"service":"mcp-puppeteer","timestamp":"2026-01-16 00:32:25.432"}
{"hasResult":true,"level":"debug","logCount":0,"message":"Script execution result","resultType":"object","service":"mcp-puppeteer","timestamp":"2026-01-16 00:32:25.433"}
{"level":"info","message":"Puppeteer MCP Server closing","service":"mcp-puppeteer","timestamp":"2026-01-16 00:32:41.304"}
{"level":"info","message":"Starting MCP server","service":"mcp-puppeteer","timestamp":"2026-01-16 00:32:50.652"}
{"level":"info","message":"MCP server started successfully","service":"mcp-puppeteer","timestamp":"2026-01-16 00:32:50.653"}
{"arguments":{"url":"http://localhost:5173"},"level":"debug","message":"Tool call received","service":"mcp-puppeteer","timestamp":"2026-01-16 00:33:43.849","tool":"puppeteer_navigate"}
{"0":"n","1":"p","2":"x","level":"info","message":"Launching browser with config:","service":"mcp-puppeteer","timestamp":"2026-01-16 00:33:43.850"}
{"level":"info","message":"Browser launched successfully","service":"mcp-puppeteer","timestamp":"2026-01-16 00:33:44.891"}
{"level":"info","message":"Navigating to URL","service":"mcp-puppeteer","timestamp":"2026-01-16 00:33:44.892","url":"http://localhost:5173"}
{"level":"info","message":"Navigation successful","service":"mcp-puppeteer","status":200,"timestamp":"2026-01-16 00:33:47.813","url":"http://localhost:5173"}
{"arguments":{"height":900,"name":"initial-verification","width":1280},"level":"debug","message":"Tool call received","service":"mcp-puppeteer","timestamp":"2026-01-16 00:33:52.170","tool":"puppeteer_screenshot"}
{"arguments":{"selector":"textarea","value":"Session 47 verification test machine learning"},"level":"debug","message":"Tool call received","service":"mcp-puppeteer","timestamp":"2026-01-16 00:34:00.220","tool":"puppeteer_fill"}
{"arguments":{"height":900,"name":"form-filled","width":1280},"level":"debug","message":"Tool call received","service":"mcp-puppeteer","timestamp":"2026-01-16 00:34:03.884","tool":"puppeteer_screenshot"}
{"arguments":{"selector":"button[type=\"submit\"]"},"level":"debug","message":"Tool call received","service":"mcp-puppeteer","timestamp":"2026-01-16 00:34:08.325","tool":"puppeteer_click"}
{"arguments":{"height":900,"name":"after-submit","width":1280},"level":"debug","message":"Tool call received","service":"mcp-puppeteer","timestamp":"2026-01-16 00:34:12.837","tool":"puppeteer_screenshot"}
{"arguments":{"script":"\n// Find a phrase to click in the word cloud - let's try \"machine learning\"\nconst phrases = document.querySelectorAll('[class*=\"word-cloud\"] text, .wordcloud text, svg text');\nconst phraseArray = Array.from(phrases);\nconst found = phraseArray.find(el => el.textContent.toLowerCase().includes('machine'));\nif (found) {\n  found.click();\n  return 'Clicked on: ' + found.textContent;\n} else {\n  return 'Phrases found: ' + phraseArray.slice(0, 5).map(p => p.textContent).join(', ');\n}\n"},"level":"debug","message":"Tool call received","service":"mcp-puppeteer","timestamp":"2026-01-16 00:34:22.742","tool":"puppeteer_evaluate"}
{"level":"debug","message":"Executing script in browser","scriptLength":480,"service":"mcp-puppeteer","timestamp":"2026-01-16 00:34:22.742"}
{"hasResult":true,"level":"debug","logCount":1,"message":"Script execution result","resultType":"object","service":"mcp-puppeteer","timestamp":"2026-01-16 00:34:22.744"}
{"arguments":{"script":"\n// Check what elements are in the word cloud\nconst container = document.querySelector('.wordcloud, [class*=\"word-cloud\"], [class*=\"WordCloud\"]');\nif (container) {\n  const texts = container.querySelectorAll('text');\n  return 'Found ' + texts.length + ' text elements. Sample: ' + Array.from(texts).slice(0, 5).map(t => t.textContent).join(', ');\n} else {\n  // Look for any SVG text elements\n  const svgTexts = document.querySelectorAll('svg text');\n  return 'Found ' + svgTexts.length + ' SVG text elements. Sample: ' + Array.from(svgTexts).slice(0, 5).map(t => t.textContent).join(', ');\n}\n"},"level":"debug","message":"Tool call received","service":"mcp-puppeteer","timestamp":"2026-01-16 00:34:29.177","tool":"puppeteer_evaluate"}
{"level":"debug","message":"Executing script in browser","scriptLength":591,"service":"mcp-puppeteer","timestamp":"2026-01-16 00:34:29.177"}
{"hasResult":true,"level":"debug","logCount":0,"message":"Script execution result","resultType":"string","service":"mcp-puppeteer","timestamp":"2026-01-16 00:34:29.178"}
{"arguments":{"selector":"svg text"},"level":"debug","message":"Tool call received","service":"mcp-puppeteer","timestamp":"2026-01-16 00:34:33.567","tool":"puppeteer_click"}
{"arguments":{"height":900,"name":"after-vote","width":1280},"level":"debug","message":"Tool call received","service":"mcp-puppeteer","timestamp":"2026-01-16 00:34:37.433","tool":"puppeteer_screenshot"}
{"arguments":{"script":"window.scrollTo(0, document.body.scrollHeight); return 'Scrolled to bottom';"},"level":"debug","message":"Tool call received","service":"mcp-puppeteer","timestamp":"2026-01-16 00:34:44.492","tool":"puppeteer_evaluate"}
{"level":"debug","message":"Executing script in browser","scriptLength":76,"service":"mcp-puppeteer","timestamp":"2026-01-16 00:34:44.492"}
{"hasResult":true,"level":"debug","logCount":0,"message":"Script execution result","resultType":"string","service":"mcp-puppeteer","timestamp":"2026-01-16 00:34:44.499"}
{"arguments":{"height":900,"name":"footer-section","width":1280},"level":"debug","message":"Tool call received","service":"mcp-puppeteer","timestamp":"2026-01-16 00:34:48.734","tool":"puppeteer_screenshot"}
{"arguments":{"script":"\n// Check current vote count\nconst stats = document.querySelector('.live-stats, [class*=\"Stats\"]');\nconst voteEl = Array.from(document.querySelectorAll('span, div')).find(el => el.textContent === 'VOTES');\nif (voteEl) {\n  const parent = voteEl.closest('div');\n  return 'Vote section: ' + parent?.textContent;\n}\nreturn 'Vote count element not found directly, checking for 69';\n"},"level":"debug","message":"Tool call received","service":"mcp-puppeteer","timestamp":"2026-01-16 00:35:07.545","tool":"puppeteer_evaluate"}
{"level":"debug","message":"Executing script in browser","scriptLength":376,"service":"mcp-puppeteer","timestamp":"2026-01-16 00:35:07.546"}
{"hasResult":true,"level":"debug","logCount":0,"message":"Script execution result","resultType":"string","service":"mcp-puppeteer","timestamp":"2026-01-16 00:35:07.547"}
{"arguments":{"script":"\n// Get all phrase texts in the word cloud\nconst texts = document.querySelectorAll('svg text');\nreturn Array.from(texts).map(t => t.textContent).slice(0, 20);\n"},"level":"debug","message":"Tool call received","service":"mcp-puppeteer","timestamp":"2026-01-16 00:35:15.331","tool":"puppeteer_evaluate"}
{"level":"debug","message":"Executing script in browser","scriptLength":159,"service":"mcp-puppeteer","timestamp":"2026-01-16 00:35:15.332"}
{"hasResult":true,"level":"debug","logCount":0,"message":"Script execution result","resultType":"object","service":"mcp-puppeteer","timestamp":"2026-01-16 00:35:15.333"}
{"arguments":{"script":"\n// Click on \"machine learning\" phrase\nconst texts = document.querySelectorAll('svg text');\nconst ml = Array.from(texts).find(t => t.textContent === 'machine learning');\nif (ml) {\n  ml.dispatchEvent(new MouseEvent('click', { bubbles: true }));\n  return 'Clicked on machine learning';\n}\nreturn 'machine learning not found';\n"},"level":"debug","message":"Tool call received","service":"mcp-puppeteer","timestamp":"2026-01-16 00:35:20.427","tool":"puppeteer_evaluate"}
{"level":"debug","message":"Executing script in browser","scriptLength":323,"service":"mcp-puppeteer","timestamp":"2026-01-16 00:35:20.427"}
{"hasResult":true,"level":"debug","logCount":0,"message":"Script execution result","resultType":"string","service":"mcp-puppeteer","timestamp":"2026-01-16 00:35:20.429"}
{"arguments":{"height":900,"name":"vote-machine-learning","width":1280},"level":"debug","message":"Tool call received","service":"mcp-puppeteer","timestamp":"2026-01-16 00:35:24.495","tool":"puppeteer_screenshot"}
{"arguments":{"script":"\n// Check if there are any console errors\nconst errors = window.__consoleErrors || [];\nreturn 'Console errors: ' + (errors.length > 0 ? errors.join(', ') : 'None detected');\n"},"level":"debug","message":"Tool call received","service":"mcp-puppeteer","timestamp":"2026-01-16 00:35:31.556","tool":"puppeteer_evaluate"}
{"level":"debug","message":"Executing script in browser","scriptLength":174,"service":"mcp-puppeteer","timestamp":"2026-01-16 00:35:31.556"}
{"hasResult":true,"level":"debug","logCount":0,"message":"Script execution result","resultType":"string","service":"mcp-puppeteer","timestamp":"2026-01-16 00:35:31.557"}
{"arguments":{"script":"\n// Scroll to top first\nwindow.scrollTo(0, 0);\nreturn 'Scrolled to top';\n"},"level":"debug","message":"Tool call received","service":"mcp-puppeteer","timestamp":"2026-01-16 00:35:36.448","tool":"puppeteer_evaluate"}
{"level":"debug","message":"Executing script in browser","scriptLength":73,"service":"mcp-puppeteer","timestamp":"2026-01-16 00:35:36.448"}
{"hasResult":true,"level":"debug","logCount":0,"message":"Script execution result","resultType":"string","service":"mcp-puppeteer","timestamp":"2026-01-16 00:35:36.450"}
{"arguments":{"height":667,"name":"mobile-view","width":375},"level":"debug","message":"Tool call received","service":"mcp-puppeteer","timestamp":"2026-01-16 00:35:41.118","tool":"puppeteer_screenshot"}
{"arguments":{"script":"window.scrollTo(0, 400); return 'Scrolled down';"},"level":"debug","message":"Tool call received","service":"mcp-puppeteer","timestamp":"2026-01-16 00:35:47.242","tool":"puppeteer_evaluate"}
{"level":"debug","message":"Executing script in browser","scriptLength":48,"service":"mcp-puppeteer","timestamp":"2026-01-16 00:35:47.243"}
{"hasResult":true,"level":"debug","logCount":0,"message":"Script execution result","resultType":"string","service":"mcp-puppeteer","timestamp":"2026-01-16 00:35:47.245"}
{"arguments":{"height":667,"name":"mobile-wordcloud","width":375},"level":"debug","message":"Tool call received","service":"mcp-puppeteer","timestamp":"2026-01-16 00:35:51.857","tool":"puppeteer_screenshot"}
{"arguments":{"script":"window.scrollTo(0, 700); return 'Scrolled down more';"},"level":"debug","message":"Tool call received","service":"mcp-puppeteer","timestamp":"2026-01-16 00:35:56.843","tool":"puppeteer_evaluate"}
{"level":"debug","message":"Executing script in browser","scriptLength":53,"service":"mcp-puppeteer","timestamp":"2026-01-16 00:35:56.843"}
{"hasResult":true,"level":"debug","logCount":0,"message":"Script execution result","resultType":"string","service":"mcp-puppeteer","timestamp":"2026-01-16 00:35:56.844"}
{"arguments":{"height":667,"name":"mobile-wordcloud-2","width":375},"level":"debug","message":"Tool call received","service":"mcp-puppeteer","timestamp":"2026-01-16 00:36:01.669","tool":"puppeteer_screenshot"}
{"arguments":{"url":"http://localhost:5173"},"level":"debug","message":"Tool call received","service":"mcp-puppeteer","timestamp":"2026-01-16 00:37:24.459","tool":"puppeteer_navigate"}
{"level":"info","message":"Navigating to URL","service":"mcp-puppeteer","timestamp":"2026-01-16 00:37:24.461","url":"http://localhost:5173"}
{"level":"info","message":"Navigation successful","service":"mcp-puppeteer","status":304,"timestamp":"2026-01-16 00:37:27.312","url":"http://localhost:5173"}
{"arguments":{"height":900,"name":"current-state","width":1280},"level":"debug","message":"Tool call received","service":"mcp-puppeteer","timestamp":"2026-01-16 00:37:32.640","tool":"puppeteer_screenshot"}
{"arguments":{"script":"\n// Get all phrase texts that haven't been voted on yet (not cyan colored)\nconst texts = document.querySelectorAll('svg text');\nconst unvotedPhrases = Array.from(texts).filter(t => {\n  // Check if this phrase has the voted highlight (cyan color)\n  const fill = t.getAttribute('fill');\n  return fill !== '#06B6D4' && fill !== 'rgb(6, 182, 212)';\n}).map(t => t.textContent);\nreturn unvotedPhrases.slice(0, 20);\n"},"level":"debug","message":"Tool call received","service":"mcp-puppeteer","timestamp":"2026-01-16 00:37:41.002","tool":"puppeteer_evaluate"}
{"level":"debug","message":"Executing script in browser","scriptLength":409,"service":"mcp-puppeteer","timestamp":"2026-01-16 00:37:41.002"}
{"hasResult":true,"level":"debug","logCount":0,"message":"Script execution result","resultType":"object","service":"mcp-puppeteer","timestamp":"2026-01-16 00:37:41.006"}
{"arguments":{"script":"\n// Vote on \"blockchain\"\nconst texts = document.querySelectorAll('svg text');\nconst phrase = Array.from(texts).find(t => t.textContent === 'blockchain');\nif (phrase) {\n  phrase.dispatchEvent(new MouseEvent('click', { bubbles: true }));\n  return 'Voted on blockchain';\n}\nreturn 'Phrase not found';\n"},"level":"debug","message":"Tool call received","service":"mcp-puppeteer","timestamp":"2026-01-16 00:37:47.463","tool":"puppeteer_evaluate"}
{"level":"debug","message":"Executing script in browser","scriptLength":297,"service":"mcp-puppeteer","timestamp":"2026-01-16 00:37:47.463"}
{"hasResult":true,"level":"debug","logCount":0,"message":"Script execution result","resultType":"string","service":"mcp-puppeteer","timestamp":"2026-01-16 00:37:47.466"}
{"arguments":{"script":"\n// Wait a moment then vote on \"coding\"\nsetTimeout(() => {\n  const texts = document.querySelectorAll('svg text');\n  const phrase = Array.from(texts).find(t => t.textContent === 'coding');\n  if (phrase) phrase.dispatchEvent(new MouseEvent('click', { bubbles: true }));\n}, 500);\nreturn 'Will vote on coding';\n"},"level":"debug","message":"Tool call received","service":"mcp-puppeteer","timestamp":"2026-01-16 00:37:53.150","tool":"puppeteer_evaluate"}
{"level":"debug","message":"Executing script in browser","scriptLength":307,"service":"mcp-puppeteer","timestamp":"2026-01-16 00:37:53.150"}
{"hasResult":true,"level":"debug","logCount":0,"message":"Script execution result","resultType":"string","service":"mcp-puppeteer","timestamp":"2026-01-16 00:37:53.152"}
{"arguments":{"height":900,"name":"after-more-votes","width":1280},"level":"debug","message":"Tool call received","service":"mcp-puppeteer","timestamp":"2026-01-16 00:37:58.218","tool":"puppeteer_screenshot"}
{"arguments":{"script":"\n// Vote on multiple phrases with delays\nconst phrasesToVote = ['coding', 'learning', 'success', 'feature', 'toast', 'build', 'assistant'];\nlet count = 0;\n\nfunction voteOnPhrase(phraseName) {\n  const texts = document.querySelectorAll('svg text');\n  const phrase = Array.from(texts).find(t => t.textContent === phraseName);\n  if (phrase) {\n    phrase.dispatchEvent(new MouseEvent('click', { bubbles: true }));\n    return true;\n  }\n  return false;\n}\n\n// Vote on first phrase immediately\nvoteOnPhrase(phrasesToVote[0]);\nreturn 'Voted on ' + phrasesToVote[0];\n"},"level":"debug","message":"Tool call received","service":"mcp-puppeteer","timestamp":"2026-01-16 00:38:07.515","tool":"puppeteer_evaluate"}
{"level":"debug","message":"Executing script in browser","scriptLength":556,"service":"mcp-puppeteer","timestamp":"2026-01-16 00:38:07.515"}
{"hasResult":true,"level":"debug","logCount":0,"message":"Script execution result","resultType":"string","service":"mcp-puppeteer","timestamp":"2026-01-16 00:38:07.518"}
{"arguments":{"script":"\nconst texts = document.querySelectorAll('svg text');\nconst phrase = Array.from(texts).find(t => t.textContent === 'learning');\nif (phrase) phrase.dispatchEvent(new MouseEvent('click', { bubbles: true }));\nreturn 'Voted on learning';\n"},"level":"debug","message":"Tool call received","service":"mcp-puppeteer","timestamp":"2026-01-16 00:38:13.064","tool":"puppeteer_evaluate"}
{"level":"debug","message":"Executing script in browser","scriptLength":234,"service":"mcp-puppeteer","timestamp":"2026-01-16 00:38:13.065"}
{"hasResult":true,"level":"debug","logCount":0,"message":"Script execution result","resultType":"string","service":"mcp-puppeteer","timestamp":"2026-01-16 00:38:13.067"}
{"arguments":{"script":"\nconst texts = document.querySelectorAll('svg text');\nconst phrase = Array.from(texts).find(t => t.textContent === 'success');\nif (phrase) phrase.dispatchEvent(new MouseEvent('click', { bubbles: true }));\nreturn 'Voted on success';\n"},"level":"debug","message":"Tool call received","service":"mcp-puppeteer","timestamp":"2026-01-16 00:38:18.559","tool":"puppeteer_evaluate"}
{"level":"debug","message":"Executing script in browser","scriptLength":232,"service":"mcp-puppeteer","timestamp":"2026-01-16 00:38:18.559"}
{"hasResult":true,"level":"debug","logCount":0,"message":"Script execution result","resultType":"string","service":"mcp-puppeteer","timestamp":"2026-01-16 00:38:18.562"}
{"arguments":{"script":"\nconst texts = document.querySelectorAll('svg text');\nconst phrase = Array.from(texts).find(t => t.textContent === 'feature');\nif (phrase) phrase.dispatchEvent(new MouseEvent('click', { bubbles: true }));\nreturn 'Voted on feature';\n"},"level":"debug","message":"Tool call received","service":"mcp-puppeteer","timestamp":"2026-01-16 00:38:23.635","tool":"puppeteer_evaluate"}
{"level":"debug","message":"Executing script in browser","scriptLength":232,"service":"mcp-puppeteer","timestamp":"2026-01-16 00:38:23.635"}
{"hasResult":true,"level":"debug","logCount":0,"message":"Script execution result","resultType":"string","service":"mcp-puppeteer","timestamp":"2026-01-16 00:38:23.637"}
{"arguments":{"script":"\nconst texts = document.querySelectorAll('svg text');\nconst phrase = Array.from(texts).find(t => t.textContent === 'toast');\nif (phrase) phrase.dispatchEvent(new MouseEvent('click', { bubbles: true }));\nreturn 'Voted on toast';\n"},"level":"debug","message":"Tool call received","service":"mcp-puppeteer","timestamp":"2026-01-16 00:38:29.295","tool":"puppeteer_evaluate"}
{"level":"debug","message":"Executing script in browser","scriptLength":228,"service":"mcp-puppeteer","timestamp":"2026-01-16 00:38:29.295"}
{"hasResult":true,"level":"debug","logCount":0,"message":"Script execution result","resultType":"string","service":"mcp-puppeteer","timestamp":"2026-01-16 00:38:29.298"}
{"arguments":{"script":"\nconst texts = document.querySelectorAll('svg text');\nconst phrase = Array.from(texts).find(t => t.textContent === 'build');\nif (phrase) phrase.dispatchEvent(new MouseEvent('click', { bubbles: true }));\nreturn 'Voted on build';\n"},"level":"debug","message":"Tool call received","service":"mcp-puppeteer","timestamp":"2026-01-16 00:38:34.341","tool":"puppeteer_evaluate"}
{"level":"debug","message":"Executing script in browser","scriptLength":228,"service":"mcp-puppeteer","timestamp":"2026-01-16 00:38:34.341"}
{"hasResult":true,"level":"debug","logCount":0,"message":"Script execution result","resultType":"string","service":"mcp-puppeteer","timestamp":"2026-01-16 00:38:34.344"}
{"arguments":{"height":900,"name":"vote-progress","width":1280},"level":"debug","message":"Tool call received","service":"mcp-puppeteer","timestamp":"2026-01-16 00:38:39.115","tool":"puppeteer_screenshot"}
{"arguments":{"script":"\nconst phrasesToVote = ['assistant', 'message', 'submission', 'testing', 'automated', 'voice'];\nphrasesToVote.forEach(phraseName => {\n  const texts = document.querySelectorAll('svg text');\n  const phrase = Array.from(texts).find(t => t.textContent === phraseName);\n  if (phrase) phrase.dispatchEvent(new MouseEvent('click', { bubbles: true }));\n});\nreturn 'Voted on: ' + phrasesToVote.join(', ');\n"},"level":"debug","message":"Tool call received","service":"mcp-puppeteer","timestamp":"2026-01-16 00:38:48.288","tool":"puppeteer_evaluate"}
{"level":"debug","message":"Executing script in browser","scriptLength":397,"service":"mcp-puppeteer","timestamp":"2026-01-16 00:38:48.288"}
{"hasResult":true,"level":"debug","logCount":0,"message":"Script execution result","resultType":"string","service":"mcp-puppeteer","timestamp":"2026-01-16 00:38:48.292"}
{"arguments":{"height":900,"name":"more-votes","width":1280},"level":"debug","message":"Tool call received","service":"mcp-puppeteer","timestamp":"2026-01-16 00:38:54.082","tool":"puppeteer_screenshot"}
{"arguments":{"script":"\nconst phrasesToVote = ['script', 'app', 'final', 'text', 'web', 'fix', 'rate', 'limit', 'unique'];\nphrasesToVote.forEach(phraseName => {\n  const texts = document.querySelectorAll('svg text');\n  const phrase = Array.from(texts).find(t => t.textContent === phraseName);\n  if (phrase) phrase.dispatchEvent(new MouseEvent('click', { bubbles: true }));\n});\nreturn 'Voted on: ' + phrasesToVote.join(', ');\n"},"level":"debug","message":"Tool call received","service":"mcp-puppeteer","timestamp":"2026-01-16 00:39:01.708","tool":"puppeteer_evaluate"}
{"level":"debug","message":"Executing script in browser","scriptLength":401,"service":"mcp-puppeteer","timestamp":"2026-01-16 00:39:01.708"}
{"hasResult":true,"level":"debug","logCount":0,"message":"Script execution result","resultType":"string","service":"mcp-puppeteer","timestamp":"2026-01-16 00:39:01.713"}
{"arguments":{"height":900,"name":"vote-progress-2","width":1280},"level":"debug","message":"Tool call received","service":"mcp-puppeteer","timestamp":"2026-01-16 00:39:07.942","tool":"puppeteer_screenshot"}
{"arguments":{"script":"\nconst phrasesToVote = ['real-time', 'application', 'toast test', 'test session', 'machine', 'test message', 'session verification', 'verification test'];\nphrasesToVote.forEach(phraseName => {\n  const texts = document.querySelectorAll('svg text');\n  const phrase = Array.from(texts).find(t => t.textContent === phraseName);\n  if (phrase) phrase.dispatchEvent(new MouseEvent('click', { bubbles: true }));\n});\nreturn 'Voted on: ' + phrasesToVote.join(', ');\n"},"level":"debug","message":"Tool call received","service":"mcp-puppeteer","timestamp":"2026-01-16 00:39:16.315","tool":"puppeteer_evaluate"}
{"level":"debug","message":"Executing script in browser","scriptLength":456,"service":"mcp-puppeteer","timestamp":"2026-01-16 00:39:16.315"}
{"hasResult":true,"level":"debug","logCount":0,"message":"Script execution result","resultType":"string","service":"mcp-puppeteer","timestamp":"2026-01-16 00:39:16.318"}
{"arguments":{"height":900,"name":"100-votes","width":1280},"level":"debug","message":"Tool call received","service":"mcp-puppeteer","timestamp":"2026-01-16 00:39:21.959","tool":"puppeteer_screenshot"}
{"arguments":{"script":"\n// Vote on more multi-word phrases\nconst phrasesToVote = ['session verification test', 'coding assistant', 'unique blockchain', 'verification test session', 'automated testing'];\nphrasesToVote.forEach(phraseName => {\n  const texts = document.querySelectorAll('svg text');\n  const phrase = Array.from(texts).find(t => t.textContent === phraseName);\n  if (phrase) phrase.dispatchEvent(new MouseEvent('click', { bubbles: true }));\n});\nreturn 'Voted on: ' + phrasesToVote.join(', ');\n"},"level":"debug","message":"Tool call received","service":"mcp-puppeteer","timestamp":"2026-01-16 00:39:53.823","tool":"puppeteer_evaluate"}
{"level":"debug","message":"Executing script in browser","scriptLength":481,"service":"mcp-puppeteer","timestamp":"2026-01-16 00:39:53.824"}
{"hasResult":true,"level":"debug","logCount":0,"message":"Script execution result","resultType":"string","service":"mcp-puppeteer","timestamp":"2026-01-16 00:39:53.828"}
{"arguments":{"height":900,"name":"105-votes-final","width":1280},"level":"debug","message":"Tool call received","service":"mcp-puppeteer","timestamp":"2026-01-16 00:40:00.342","tool":"puppeteer_screenshot"}
{"level":"info","message":"Puppeteer MCP Server closing","service":"mcp-puppeteer","timestamp":"2026-01-16 00:41:07.514"}
{"level":"info","message":"Starting MCP server","service":"mcp-puppeteer","timestamp":"2026-01-16 00:41:16.017"}
{"level":"info","message":"MCP server started successfully","service":"mcp-puppeteer","timestamp":"2026-01-16 00:41:16.019"}
{"arguments":{"url":"http://localhost:5173"},"level":"debug","message":"Tool call received","service":"mcp-puppeteer","timestamp":"2026-01-16 00:42:17.835","tool":"puppeteer_navigate"}
{"0":"n","1":"p","2":"x","level":"info","message":"Launching browser with config:","service":"mcp-puppeteer","timestamp":"2026-01-16 00:42:17.836"}
{"level":"info","message":"Browser launched successfully","service":"mcp-puppeteer","timestamp":"2026-01-16 00:42:18.453"}
{"level":"info","message":"Navigating to URL","service":"mcp-puppeteer","timestamp":"2026-01-16 00:42:18.453","url":"http://localhost:5173"}
{"level":"info","message":"Navigation successful","service":"mcp-puppeteer","status":200,"timestamp":"2026-01-16 00:42:21.461","url":"http://localhost:5173"}
{"arguments":{"height":900,"name":"initial-verification","width":1200},"level":"debug","message":"Tool call received","service":"mcp-puppeteer","timestamp":"2026-01-16 00:42:24.817","tool":"puppeteer_screenshot"}
{"arguments":{"selector":"textarea","value":"Session 48 verification test AI assistant"},"level":"debug","message":"Tool call received","service":"mcp-puppeteer","timestamp":"2026-01-16 00:42:32.942","tool":"puppeteer_fill"}
{"arguments":{"height":900,"name":"submission-filled","width":1200},"level":"debug","message":"Tool call received","service":"mcp-puppeteer","timestamp":"2026-01-16 00:42:36.816","tool":"puppeteer_screenshot"}
{"arguments":{"selector":"button[type=\"submit\"]"},"level":"debug","message":"Tool call received","service":"mcp-puppeteer","timestamp":"2026-01-16 00:42:42.049","tool":"puppeteer_click"}
{"arguments":{"height":900,"name":"submission-result","width":1200},"level":"debug","message":"Tool call received","service":"mcp-puppeteer","timestamp":"2026-01-16 00:42:46.545","tool":"puppeteer_screenshot"}
{"arguments":{"selector":"text=blockchain"},"level":"debug","message":"Tool call received","service":"mcp-puppeteer","timestamp":"2026-01-16 00:42:54.859","tool":"puppeteer_click"}
{"arguments":{"height":900,"name":"vote-result","width":1200},"level":"debug","message":"Tool call received","service":"mcp-puppeteer","timestamp":"2026-01-16 00:42:59.339","tool":"puppeteer_screenshot"}
{"arguments":{"script":"\n// Check console for errors\nconst errors = [];\nconsole.error = (function(old_error) {\n  return function(msg) {\n    errors.push(msg);\n    old_error.apply(console, arguments);\n  };\n})(console.error);\nerrors.length;\n"},"level":"debug","message":"Tool call received","service":"mcp-puppeteer","timestamp":"2026-01-16 00:43:14.256","tool":"puppeteer_evaluate"}
{"level":"debug","message":"Executing script in browser","scriptLength":214,"service":"mcp-puppeteer","timestamp":"2026-01-16 00:43:14.256"}
{"hasResult":false,"level":"debug","logCount":0,"message":"Script execution result","resultType":"undefined","service":"mcp-puppeteer","timestamp":"2026-01-16 00:43:14.259"}
{"arguments":{"script":"\n// Check localStorage for session and vote tracking\nJSON.stringify({\n  sessionId: localStorage.getItem('wordcloud_session_id'),\n  votedPhrases: JSON.parse(localStorage.getItem('wordcloud_voted_phrases') || '[]').length,\n  lastSubmission: localStorage.getItem('wordcloud_last_submission')\n});\n"},"level":"debug","message":"Tool call received","service":"mcp-puppeteer","timestamp":"2026-01-16 00:43:20.602","tool":"puppeteer_evaluate"}
{"level":"debug","message":"Executing script in browser","scriptLength":293,"service":"mcp-puppeteer","timestamp":"2026-01-16 00:43:20.602"}
{"hasResult":false,"level":"debug","logCount":0,"message":"Script execution result","resultType":"undefined","service":"mcp-puppeteer","timestamp":"2026-01-16 00:43:20.603"}
{"arguments":{"script":"\nif (window.performance && window.performance.memory) {\n  const mem = window.performance.memory;\n  return JSON.stringify({\n    usedJSHeapSize: Math.round(mem.usedJSHeapSize / 1024 / 1024) + ' MB',\n    totalJSHeapSize: Math.round(mem.totalJSHeapSize / 1024 / 1024) + ' MB',\n    jsHeapSizeLimit: Math.round(mem.jsHeapSizeLimit / 1024 / 1024) + ' MB'\n  });\n} else {\n  return 'Memory API not available';\n}\n"},"level":"debug","message":"Tool call received","service":"mcp-puppeteer","timestamp":"2026-01-16 00:43:27.241","tool":"puppeteer_evaluate"}
{"level":"debug","message":"Executing script in browser","scriptLength":402,"service":"mcp-puppeteer","timestamp":"2026-01-16 00:43:27.241"}
{"hasResult":true,"level":"debug","logCount":0,"message":"Script execution result","resultType":"string","service":"mcp-puppeteer","timestamp":"2026-01-16 00:43:27.244"}
{"arguments":{"selector":"text=coding"},"level":"debug","message":"Tool call received","service":"mcp-puppeteer","timestamp":"2026-01-16 00:43:33.347","tool":"puppeteer_click"}
{"arguments":{"selector":"text=learning"},"level":"debug","message":"Tool call received","service":"mcp-puppeteer","timestamp":"2026-01-16 00:43:37.120","tool":"puppeteer_click"}
{"arguments":{"selector":"text=success"},"level":"debug","message":"Tool call received","service":"mcp-puppeteer","timestamp":"2026-01-16 00:43:41.624","tool":"puppeteer_click"}
{"arguments":{"selector":"text=message"},"level":"debug","message":"Tool call received","service":"mcp-puppeteer","timestamp":"2026-01-16 00:43:45.068","tool":"puppeteer_click"}
{"arguments":{"selector":"text=feature"},"level":"debug","message":"Tool call received","service":"mcp-puppeteer","timestamp":"2026-01-16 00:43:48.786","tool":"puppeteer_click"}
{"arguments":{"selector":"text=automated"},"level":"debug","message":"Tool call received","service":"mcp-puppeteer","timestamp":"2026-01-16 00:43:52.608","tool":"puppeteer_click"}
{"arguments":{"selector":"text=application"},"level":"debug","message":"Tool call received","service":"mcp-puppeteer","timestamp":"2026-01-16 00:43:56.490","tool":"puppeteer_click"}
{"arguments":{"selector":"text=unique"},"level":"debug","message":"Tool call received","service":"mcp-puppeteer","timestamp":"2026-01-16 00:44:00.011","tool":"puppeteer_click"}
{"arguments":{"selector":"text=voice"},"level":"debug","message":"Tool call received","service":"mcp-puppeteer","timestamp":"2026-01-16 00:44:03.908","tool":"puppeteer_click"}
{"arguments":{"selector":"text=toast"},"level":"debug","message":"Tool call received","service":"mcp-puppeteer","timestamp":"2026-01-16 00:44:07.671","tool":"puppeteer_click"}
{"arguments":{"height":900,"name":"after-rapid-votes","width":1200},"level":"debug","message":"Tool call received","service":"mcp-puppeteer","timestamp":"2026-01-16 00:44:11.688","tool":"puppeteer_screenshot"}
{"arguments":{"script":"\nif (window.performance && window.performance.memory) {\n  const mem = window.performance.memory;\n  return JSON.stringify({\n    usedJSHeapSize: Math.round(mem.usedJSHeapSize / 1024 / 1024) + ' MB',\n    totalJSHeapSize: Math.round(mem.totalJSHeapSize / 1024 / 1024) + ' MB',\n    jsHeapSizeLimit: Math.round(mem.jsHeapSizeLimit / 1024 / 1024) + ' MB'\n  });\n} else {\n  return 'Memory API not available';\n}\n"},"level":"debug","message":"Tool call received","service":"mcp-puppeteer","timestamp":"2026-01-16 00:44:19.358","tool":"puppeteer_evaluate"}
{"level":"debug","message":"Executing script in browser","scriptLength":402,"service":"mcp-puppeteer","timestamp":"2026-01-16 00:44:19.358"}
{"hasResult":true,"level":"debug","logCount":0,"message":"Script execution result","resultType":"string","service":"mcp-puppeteer","timestamp":"2026-01-16 00:44:19.359"}
{"arguments":{"selector":"text=build"},"level":"debug","message":"Tool call received","service":"mcp-puppeteer","timestamp":"2026-01-16 00:44:25.701","tool":"puppeteer_click"}
{"arguments":{"selector":"text=script"},"level":"debug","message":"Tool call received","service":"mcp-puppeteer","timestamp":"2026-01-16 00:44:29.853","tool":"puppeteer_click"}
{"arguments":{"selector":"text=machine"},"level":"debug","message":"Tool call received","service":"mcp-puppeteer","timestamp":"2026-01-16 00:44:34.824","tool":"puppeteer_click"}
{"arguments":{"selector":"text=assistant"},"level":"debug","message":"Tool call received","service":"mcp-puppeteer","timestamp":"2026-01-16 00:44:39.602","tool":"puppeteer_click"}
{"arguments":{"selector":"text=web"},"level":"debug","message":"Tool call received","service":"mcp-puppeteer","timestamp":"2026-01-16 00:44:43.954","tool":"puppeteer_click"}
{"arguments":{"height":900,"name":"more-votes","width":1200},"level":"debug","message":"Tool call received","service":"mcp-puppeteer","timestamp":"2026-01-16 00:44:48.699","tool":"puppeteer_screenshot"}
{"arguments":{"script":"\nif (window.performance && window.performance.memory) {\n  const mem = window.performance.memory;\n  return JSON.stringify({\n    usedJSHeapSize: Math.round(mem.usedJSHeapSize / 1024 / 1024) + ' MB',\n    totalJSHeapSize: Math.round(mem.totalJSHeapSize / 1024 / 1024) + ' MB',\n    jsHeapSizeLimit: Math.round(mem.jsHeapSizeLimit / 1024 / 1024) + ' MB'\n  });\n} else {\n  return 'Memory API not available';\n}\n"},"level":"debug","message":"Tool call received","service":"mcp-puppeteer","timestamp":"2026-01-16 00:44:55.840","tool":"puppeteer_evaluate"}
{"level":"debug","message":"Executing script in browser","scriptLength":402,"service":"mcp-puppeteer","timestamp":"2026-01-16 00:44:55.840"}
{"hasResult":true,"level":"debug","logCount":0,"message":"Script execution result","resultType":"string","service":"mcp-puppeteer","timestamp":"2026-01-16 00:44:55.841"}
{"arguments":{"selector":"text=rate"},"level":"debug","message":"Tool call received","service":"mcp-puppeteer","timestamp":"2026-01-16 00:45:13.528","tool":"puppeteer_click"}
{"arguments":{"selector":"text=final"},"level":"debug","message":"Tool call received","service":"mcp-puppeteer","timestamp":"2026-01-16 00:45:18.194","tool":"puppeteer_click"}
{"arguments":{"selector":"text=text"},"level":"debug","message":"Tool call received","service":"mcp-puppeteer","timestamp":"2026-01-16 00:45:23.572","tool":"puppeteer_click"}
{"arguments":{"selector":"text=app"},"level":"debug","message":"Tool call received","service":"mcp-puppeteer","timestamp":"2026-01-16 00:45:28.397","tool":"puppeteer_click"}
{"arguments":{"selector":"text=fix"},"level":"debug","message":"Tool call received","service":"mcp-puppeteer","timestamp":"2026-01-16 00:45:33.865","tool":"puppeteer_click"}
{"arguments":{"selector":"text=limit"},"level":"debug","message":"Tool call received","service":"mcp-puppeteer","timestamp":"2026-01-16 00:45:38.512","tool":"puppeteer_click"}
{"arguments":{"selector":"text=real-time"},"level":"debug","message":"Tool call received","service":"mcp-puppeteer","timestamp":"2026-01-16 00:45:43.260","tool":"puppeteer_click"}
{"arguments":{"height":900,"name":"votes-progress","width":1200},"level":"debug","message":"Tool call received","service":"mcp-puppeteer","timestamp":"2026-01-16 00:45:48.351","tool":"puppeteer_screenshot"}
{"arguments":{"selector":"text=submission"},"level":"debug","message":"Tool call received","service":"mcp-puppeteer","timestamp":"2026-01-16 00:45:53.944","tool":"puppeteer_click"}
{"arguments":{"selector":"text=test session"},"level":"debug","message":"Tool call received","service":"mcp-puppeteer","timestamp":"2026-01-16 00:45:59.275","tool":"puppeteer_click"}
{"arguments":{"selector":"text=toast test"},"level":"debug","message":"Tool call received","service":"mcp-puppeteer","timestamp":"2026-01-16 00:46:04.930","tool":"puppeteer_click"}
{"arguments":{"selector":"text=test message"},"level":"debug","message":"Tool call received","service":"mcp-puppeteer","timestamp":"2026-01-16 00:46:09.756","tool":"puppeteer_click"}
{"arguments":{"selector":"text=machine learning"},"level":"debug","message":"Tool call received","service":"mcp-puppeteer","timestamp":"2026-01-16 00:46:15.849","tool":"puppeteer_click"}
{"arguments":{"selector":"text=coding assistant"},"level":"debug","message":"Tool call received","service":"mcp-puppeteer","timestamp":"2026-01-16 00:46:20.778","tool":"puppeteer_click"}
{"arguments":{"selector":"text=automated testing"},"level":"debug","message":"Tool call received","service":"mcp-puppeteer","timestamp":"2026-01-16 00:46:25.902","tool":"puppeteer_click"}
{"arguments":{"selector":"text=verification testing"},"level":"debug","message":"Tool call received","service":"mcp-puppeteer","timestamp":"2026-01-16 00:46:30.743","tool":"puppeteer_click"}
{"arguments":{"selector":"text=success message"},"level":"debug","message":"Tool call received","service":"mcp-puppeteer","timestamp":"2026-01-16 00:46:36.034","tool":"puppeteer_click"}
{"arguments":{"selector":"text=assistant voice"},"level":"debug","message":"Tool call received","service":"mcp-puppeteer","timestamp":"2026-01-16 00:46:52.745","tool":"puppeteer_click"}
{"arguments":{"selector":"text=unique blockchain"},"level":"debug","message":"Tool call received","service":"mcp-puppeteer","timestamp":"2026-01-16 00:46:57.782","tool":"puppeteer_click"}
{"arguments":{"selector":"text=blockchain application"},"level":"debug","message":"Tool call received","service":"mcp-puppeteer","timestamp":"2026-01-16 00:47:02.758","tool":"puppeteer_click"}
{"arguments":{"selector":"text=test submission"},"level":"debug","message":"Tool call received","service":"mcp-puppeteer","timestamp":"2026-01-16 00:47:07.299","tool":"puppeteer_click"}
{"arguments":{"selector":"text=verification automated"},"level":"debug","message":"Tool call received","service":"mcp-puppeteer","timestamp":"2026-01-16 00:47:12.280","tool":"puppeteer_click"}
{"arguments":{"selector":"text=session verification automated"},"level":"debug","message":"Tool call received","service":"mcp-puppeteer","timestamp":"2026-01-16 00:47:16.812","tool":"puppeteer_click"}
{"arguments":{"selector":"text=verification test session"},"level":"debug","message":"Tool call received","service":"mcp-puppeteer","timestamp":"2026-01-16 00:47:21.458","tool":"puppeteer_click"}
{"arguments":{"selector":"text=coding assistant voice"},"level":"debug","message":"Tool call received","service":"mcp-puppeteer","timestamp":"2026-01-16 00:47:25.999","tool":"puppeteer_click"}
{"arguments":{"selector":"text=unique blockchain application"},"level":"debug","message":"Tool call received","service":"mcp-puppeteer","timestamp":"2026-01-16 00:47:30.644","tool":"puppeteer_click"}
{"arguments":{"selector":"text=verification automated testing"},"level":"debug","message":"Tool call received","service":"mcp-puppeteer","timestamp":"2026-01-16 00:47:35.373","tool":"puppeteer_click"}
{"arguments":{"selector":"text=session verification testing"},"level":"debug","message":"Tool call received","service":"mcp-puppeteer","timestamp":"2026-01-16 00:47:40.701","tool":"puppeteer_click"}
{"arguments":{"selector":"text=verification test message"},"level":"debug","message":"Tool call received","service":"mcp-puppeteer","timestamp":"2026-01-16 00:47:46.184","tool":"puppeteer_click"}
{"arguments":{"selector":"text=test verification"},"level":"debug","message":"Tool call received","service":"mcp-puppeteer","timestamp":"2026-01-16 00:47:51.369","tool":"puppeteer_click"}
{"arguments":{"height":900,"name":"after-many-votes","width":1200},"level":"debug","message":"Tool call received","service":"mcp-puppeteer","timestamp":"2026-01-16 00:47:56.612","tool":"puppeteer_screenshot"}
{"arguments":{"selector":"text=xyzneveusedword123"},"level":"debug","message":"Tool call received","service":"mcp-puppeteer","timestamp":"2026-01-16 00:48:03.156","tool":"puppeteer_click"}
{"arguments":{"selector":"text=xyzneverusedword123"},"level":"debug","message":"Tool call received","service":"mcp-puppeteer","timestamp":"2026-01-16 00:48:19.240","tool":"puppeteer_click"}
{"arguments":{"height":900,"name":"still-voting","width":1200},"level":"debug","message":"Tool call received","service":"mcp-puppeteer","timestamp":"2026-01-16 00:48:23.940","tool":"puppeteer_screenshot"}
{"arguments":{"selector":"text=session verification"},"level":"debug","message":"Tool call received","service":"mcp-puppeteer","timestamp":"2026-01-16 00:48:31.628","tool":"puppeteer_click"}
{"arguments":{"selector":"text=verification test"},"level":"debug","message":"Tool call received","service":"mcp-puppeteer","timestamp":"2026-01-16 00:48:37.087","tool":"puppeteer_click"}
{"arguments":{"selector":"text=session verification test"},"level":"debug","message":"Tool call received","service":"mcp-puppeteer","timestamp":"2026-01-16 00:48:42.451","tool":"puppeteer_click"}
{"arguments":{"selector":"text=test"},"level":"debug","message":"Tool call received","service":"mcp-puppeteer","timestamp":"2026-01-16 00:48:48.195","tool":"puppeteer_click"}
{"arguments":{"selector":"text=verification"},"level":"debug","message":"Tool call received","service":"mcp-puppeteer","timestamp":"2026-01-16 00:48:53.251","tool":"puppeteer_click"}
{"arguments":{"selector":"text=session"},"level":"debug","message":"Tool call received","service":"mcp-puppeteer","timestamp":"2026-01-16 00:48:57.956","tool":"puppeteer_click"}
{"arguments":{"height":900,"name":"current-state","width":1200},"level":"debug","message":"Tool call received","service":"mcp-puppeteer","timestamp":"2026-01-16 00:49:04.209","tool":"puppeteer_screenshot"}
{"arguments":{"selector":"text=testing"},"level":"debug","message":"Tool call received","service":"mcp-puppeteer","timestamp":"2026-01-16 00:49:11.026","tool":"puppeteer_click"}
{"arguments":{"height":900,"name":"after-50-updates","width":1200},"level":"debug","message":"Tool call received","service":"mcp-puppeteer","timestamp":"2026-01-16 00:49:17.336","tool":"puppeteer_screenshot"}
{"arguments":{"selector":"text=session verification testing"},"level":"debug","message":"Tool call received","service":"mcp-puppeteer","timestamp":"2026-01-16 00:49:24.089","tool":"puppeteer_click"}
{"arguments":{"selector":"text=unique blockchain application"},"level":"debug","message":"Tool call received","service":"mcp-puppeteer","timestamp":"2026-01-16 00:49:30.012","tool":"puppeteer_click"}
{"arguments":{"selector":"text=verification test session"},"level":"debug","message":"Tool call received","service":"mcp-puppeteer","timestamp":"2026-01-16 00:49:36.293","tool":"puppeteer_click"}
{"arguments":{"selector":"text=blockchain application"},"level":"debug","message":"Tool call received","service":"mcp-puppeteer","timestamp":"2026-01-16 00:49:42.543","tool":"puppeteer_click"}
{"arguments":{"selector":"text=verification testing"},"level":"debug","message":"Tool call received","service":"mcp-puppeteer","timestamp":"2026-01-16 00:49:48.323","tool":"puppeteer_click"}
{"arguments":{"height":900,"name":"over-50-updates","width":1200},"level":"debug","message":"Tool call received","service":"mcp-puppeteer","timestamp":"2026-01-16 00:49:53.982","tool":"puppeteer_screenshot"}
{"arguments":{"script":"\nif (window.performance && window.performance.memory) {\n  const mem = window.performance.memory;\n  return JSON.stringify({\n    usedJSHeapSize: Math.round(mem.usedJSHeapSize / 1024 / 1024) + ' MB',\n    totalJSHeapSize: Math.round(mem.totalJSHeapSize / 1024 / 1024) + ' MB',\n    jsHeapSizeLimit: Math.round(mem.jsHeapSizeLimit / 1024 / 1024) + ' MB',\n    totalUpdates: 'Started: 105 votes -> Now: 151 votes = 46 real-time updates + duplicates'\n  });\n} else {\n  return 'Memory API not available';\n}\n"},"level":"debug","message":"Tool call received","service":"mcp-puppeteer","timestamp":"2026-01-16 00:50:05.767","tool":"puppeteer_evaluate"}
{"level":"debug","message":"Executing script in browser","scriptLength":496,"service":"mcp-puppeteer","timestamp":"2026-01-16 00:50:05.768"}
{"hasResult":true,"level":"debug","logCount":0,"message":"Script execution result","resultType":"string","service":"mcp-puppeteer","timestamp":"2026-01-16 00:50:05.773"}
{"arguments":{"script":"\n// Check if there are any errors logged\nwindow.__consoleErrors = window.__consoleErrors || [];\nreturn JSON.stringify({\n  errorCount: window.__consoleErrors.length,\n  errors: window.__consoleErrors.slice(0, 5)\n});\n"},"level":"debug","message":"Tool call received","service":"mcp-puppeteer","timestamp":"2026-01-16 00:50:16.019","tool":"puppeteer_evaluate"}
{"level":"debug","message":"Executing script in browser","scriptLength":214,"service":"mcp-puppeteer","timestamp":"2026-01-16 00:50:16.019"}
{"hasResult":true,"level":"debug","logCount":0,"message":"Script execution result","resultType":"string","service":"mcp-puppeteer","timestamp":"2026-01-16 00:50:16.020"}
{"arguments":{"height":900,"name":"current-app-state","width":1200},"level":"debug","message":"Tool call received","service":"mcp-puppeteer","timestamp":"2026-01-16 00:51:06.232","tool":"puppeteer_screenshot"}
{"arguments":{"script":"window.scrollTo(0, document.body.scrollHeight); return 'scrolled';"},"level":"debug","message":"Tool call received","service":"mcp-puppeteer","timestamp":"2026-01-16 00:51:15.470","tool":"puppeteer_evaluate"}
{"level":"debug","message":"Executing script in browser","scriptLength":66,"service":"mcp-puppeteer","timestamp":"2026-01-16 00:51:15.470"}
{"hasResult":true,"level":"debug","logCount":0,"message":"Script execution result","resultType":"string","service":"mcp-puppeteer","timestamp":"2026-01-16 00:51:15.498"}
{"arguments":{"height":900,"name":"footer-view","width":1200},"level":"debug","message":"Tool call received","service":"mcp-puppeteer","timestamp":"2026-01-16 00:51:22.284","tool":"puppeteer_screenshot"}
{"arguments":{"script":"\n// Open a new window/tab\nconst newWindow = window.open('http://localhost:5173', '_blank');\nreturn newWindow ? 'New window opened' : 'Failed to open window';\n"},"level":"debug","message":"Tool call received","service":"mcp-puppeteer","timestamp":"2026-01-16 00:52:45.346","tool":"puppeteer_evaluate"}
{"level":"debug","message":"Executing script in browser","scriptLength":158,"service":"mcp-puppeteer","timestamp":"2026-01-16 00:52:45.346"}
{"hasResult":true,"level":"debug","logCount":0,"message":"Script execution result","resultType":"string","service":"mcp-puppeteer","timestamp":"2026-01-16 00:52:45.640"}
{"arguments":{"script":"window.scrollTo(0, 0); return 'scrolled to top';"},"level":"debug","message":"Tool call received","service":"mcp-puppeteer","timestamp":"2026-01-16 00:52:53.429","tool":"puppeteer_evaluate"}
{"level":"debug","message":"Executing script in browser","scriptLength":48,"service":"mcp-puppeteer","timestamp":"2026-01-16 00:52:53.429"}
{"hasResult":true,"level":"debug","logCount":0,"message":"Script execution result","resultType":"string","service":"mcp-puppeteer","timestamp":"2026-01-16 00:52:53.432"}
{"arguments":{"height":900,"name":"final-verification","width":1200},"level":"debug","message":"Tool call received","service":"mcp-puppeteer","timestamp":"2026-01-16 00:53:01.492","tool":"puppeteer_screenshot"}
{"level":"info","message":"Puppeteer MCP Server closing","service":"mcp-puppeteer","timestamp":"2026-01-16 00:53:27.636"}
{"level":"info","message":"Starting MCP server","service":"mcp-puppeteer","timestamp":"2026-01-16 00:53:35.603"}
{"level":"info","message":"MCP server started successfully","service":"mcp-puppeteer","timestamp":"2026-01-16 00:53:35.606"}
{"arguments":{"url":"http://localhost:5173"},"level":"debug","message":"Tool call received","service":"mcp-puppeteer","timestamp":"2026-01-16 00:54:35.103","tool":"puppeteer_navigate"}
{"0":"n","1":"p","2":"x","level":"info","message":"Launching browser with config:","service":"mcp-puppeteer","timestamp":"2026-01-16 00:54:35.104"}
{"level":"info","message":"Browser launched successfully","service":"mcp-puppeteer","timestamp":"2026-01-16 00:54:35.737"}
{"level":"info","message":"Navigating to URL","service":"mcp-puppeteer","timestamp":"2026-01-16 00:54:35.737","url":"http://localhost:5173"}
{"level":"info","message":"Navigation successful","service":"mcp-puppeteer","status":200,"timestamp":"2026-01-16 00:54:38.728","url":"http://localhost:5173"}
{"arguments":{"height":900,"name":"initial-verification","width":1280},"level":"debug","message":"Tool call received","service":"mcp-puppeteer","timestamp":"2026-01-16 00:54:42.392","tool":"puppeteer_screenshot"}
{"arguments":{"selector":"textarea","value":"Session 49 verification test - blockchain AI assistant"},"level":"debug","message":"Tool call received","service":"mcp-puppeteer","timestamp":"2026-01-16 00:54:51.783","tool":"puppeteer_fill"}
{"arguments":{"height":900,"name":"form-filled","width":1280},"level":"debug","message":"Tool call received","service":"mcp-puppeteer","timestamp":"2026-01-16 00:54:56.251","tool":"puppeteer_screenshot"}
{"arguments":{"selector":"button[type=\"submit\"]"},"level":"debug","message":"Tool call received","service":"mcp-puppeteer","timestamp":"2026-01-16 00:55:02.406","tool":"puppeteer_click"}
{"arguments":{"height":900,"name":"after-submit","width":1280},"level":"debug","message":"Tool call received","service":"mcp-puppeteer","timestamp":"2026-01-16 00:55:06.874","tool":"puppeteer_screenshot"}
{"arguments":{"selector":"text=learning"},"level":"debug","message":"Tool call received","service":"mcp-puppeteer","timestamp":"2026-01-16 00:55:15.525","tool":"puppeteer_click"}
{"arguments":{"height":900,"name":"after-vote","width":1280},"level":"debug","message":"Tool call received","service":"mcp-puppeteer","timestamp":"2026-01-16 00:55:20.772","tool":"puppeteer_screenshot"}
{"arguments":{"script":"window.scrollTo(0, document.body.scrollHeight)"},"level":"debug","message":"Tool call received","service":"mcp-puppeteer","timestamp":"2026-01-16 00:55:28.550","tool":"puppeteer_evaluate"}
{"level":"debug","message":"Executing script in browser","scriptLength":46,"service":"mcp-puppeteer","timestamp":"2026-01-16 00:55:28.550"}
{"hasResult":false,"level":"debug","logCount":0,"message":"Script execution result","resultType":"undefined","service":"mcp-puppeteer","timestamp":"2026-01-16 00:55:28.552"}
{"arguments":{"height":900,"name":"footer-view","width":1280},"level":"debug","message":"Tool call received","service":"mcp-puppeteer","timestamp":"2026-01-16 00:55:33.062","tool":"puppeteer_screenshot"}
{"arguments":{"script":"\n// Check for any console errors\nconst logs = [];\nconsole.log('Checking for errors...');\nreturn 'Console check complete';\n"},"level":"debug","message":"Tool call received","service":"mcp-puppeteer","timestamp":"2026-01-16 00:55:59.855","tool":"puppeteer_evaluate"}
{"level":"debug","message":"Executing script in browser","scriptLength":122,"service":"mcp-puppeteer","timestamp":"2026-01-16 00:55:59.855"}
{"hasResult":true,"level":"debug","logCount":1,"message":"Script execution result","resultType":"string","service":"mcp-puppeteer","timestamp":"2026-01-16 00:55:59.856"}
{"arguments":{"url":"http://localhost:5173"},"level":"debug","message":"Tool call received","service":"mcp-puppeteer","timestamp":"2026-01-16 00:56:49.685","tool":"puppeteer_navigate"}
{"level":"info","message":"Navigating to URL","service":"mcp-puppeteer","timestamp":"2026-01-16 00:56:49.685","url":"http://localhost:5173"}
{"level":"info","message":"Navigation successful","service":"mcp-puppeteer","status":304,"timestamp":"2026-01-16 00:56:51.195","url":"http://localhost:5173"}
{"arguments":{"height":900,"name":"stress-test-check","width":1280},"level":"debug","message":"Tool call received","service":"mcp-puppeteer","timestamp":"2026-01-16 00:56:56.254","tool":"puppeteer_screenshot"}
{"arguments":{"script":"\n// Check if real-time subscription is active\nconst channels = window.__SUPABASE_CHANNELS__;\nconsole.log('Supabase channels:', channels);\nreturn 'Real-time check complete';\n"},"level":"debug","message":"Tool call received","service":"mcp-puppeteer","timestamp":"2026-01-16 00:57:10.652","tool":"puppeteer_evaluate"}
{"level":"debug","message":"Executing script in browser","scriptLength":173,"service":"mcp-puppeteer","timestamp":"2026-01-16 00:57:10.653"}
{"hasResult":true,"level":"debug","logCount":1,"message":"Script execution result","resultType":"string","service":"mcp-puppeteer","timestamp":"2026-01-16 00:57:10.655"}
{"arguments":{"script":"\n// Check memory usage\nconst memory = performance.memory;\nif (memory) {\n  return {\n    usedJSHeapSize: Math.round(memory.usedJSHeapSize / 1024 / 1024) + ' MB',\n    totalJSHeapSize: Math.round(memory.totalJSHeapSize / 1024 / 1024) + ' MB'\n  };\n}\nreturn 'Memory API not available';\n"},"level":"debug","message":"Tool call received","service":"mcp-puppeteer","timestamp":"2026-01-16 00:57:19.575","tool":"puppeteer_evaluate"}
{"level":"debug","message":"Executing script in browser","scriptLength":280,"service":"mcp-puppeteer","timestamp":"2026-01-16 00:57:19.575"}
{"hasResult":true,"level":"debug","logCount":0,"message":"Script execution result","resultType":"object","service":"mcp-puppeteer","timestamp":"2026-01-16 00:57:19.577"}
{"arguments":{"selector":"text=machine"},"level":"debug","message":"Tool call received","service":"mcp-puppeteer","timestamp":"2026-01-16 00:57:26.356","tool":"puppeteer_click"}
{"arguments":{"selector":"text=build"},"level":"debug","message":"Tool call received","service":"mcp-puppeteer","timestamp":"2026-01-16 00:57:31.121","tool":"puppeteer_click"}
{"arguments":{"selector":"text=coding"},"level":"debug","message":"Tool call received","service":"mcp-puppeteer","timestamp":"2026-01-16 00:57:36.658","tool":"puppeteer_click"}
{"arguments":{"height":900,"name":"after-multiple-votes","width":1280},"level":"debug","message":"Tool call received","service":"mcp-puppeteer","timestamp":"2026-01-16 00:57:42.368","tool":"puppeteer_screenshot"}
{"arguments":{"script":"\nconst memory = performance.memory;\nif (memory) {\n  return {\n    usedJSHeapSize: Math.round(memory.usedJSHeapSize / 1024 / 1024) + ' MB',\n    totalJSHeapSize: Math.round(memory.totalJSHeapSize / 1024 / 1024) + ' MB'\n  };\n}\nreturn 'Memory API not available';\n"},"level":"debug","message":"Tool call received","service":"mcp-puppeteer","timestamp":"2026-01-16 00:57:50.536","tool":"puppeteer_evaluate"}
{"level":"debug","message":"Executing script in browser","scriptLength":258,"service":"mcp-puppeteer","timestamp":"2026-01-16 00:57:50.536"}
{"hasResult":true,"level":"debug","logCount":0,"message":"Script execution result","resultType":"object","service":"mcp-puppeteer","timestamp":"2026-01-16 00:57:50.537"}
{"arguments":{"script":"\n// Resize to mobile viewport\nwindow.innerWidth = 375;\nwindow.innerHeight = 667;\nreturn 'Viewport set to mobile';\n"},"level":"debug","message":"Tool call received","service":"mcp-puppeteer","timestamp":"2026-01-16 00:58:43.459","tool":"puppeteer_evaluate"}
{"level":"debug","message":"Executing script in browser","scriptLength":114,"service":"mcp-puppeteer","timestamp":"2026-01-16 00:58:43.459"}
{"hasResult":true,"level":"debug","logCount":0,"message":"Script execution result","resultType":"string","service":"mcp-puppeteer","timestamp":"2026-01-16 00:58:43.461"}
{"arguments":{"height":667,"name":"mobile-view","width":375},"level":"debug","message":"Tool call received","service":"mcp-puppeteer","timestamp":"2026-01-16 00:58:48.202","tool":"puppeteer_screenshot"}
{"arguments":{"script":"window.scrollTo(0, 500)"},"level":"debug","message":"Tool call received","service":"mcp-puppeteer","timestamp":"2026-01-16 00:58:55.321","tool":"puppeteer_evaluate"}
{"level":"debug","message":"Executing script in browser","scriptLength":23,"service":"mcp-puppeteer","timestamp":"2026-01-16 00:58:55.322"}
{"hasResult":false,"level":"debug","logCount":0,"message":"Script execution result","resultType":"undefined","service":"mcp-puppeteer","timestamp":"2026-01-16 00:58:55.324"}
{"arguments":{"height":667,"name":"mobile-scroll","width":375},"level":"debug","message":"Tool call received","service":"mcp-puppeteer","timestamp":"2026-01-16 00:59:00.688","tool":"puppeteer_screenshot"}
{"arguments":{"script":"window.scrollTo(0, 900)"},"level":"debug","message":"Tool call received","service":"mcp-puppeteer","timestamp":"2026-01-16 00:59:07.886","tool":"puppeteer_evaluate"}
{"level":"debug","message":"Executing script in browser","scriptLength":23,"service":"mcp-puppeteer","timestamp":"2026-01-16 00:59:07.886"}
{"hasResult":false,"level":"debug","logCount":0,"message":"Script execution result","resultType":"undefined","service":"mcp-puppeteer","timestamp":"2026-01-16 00:59:07.887"}
{"arguments":{"height":667,"name":"mobile-wordcloud","width":375},"level":"debug","message":"Tool call received","service":"mcp-puppeteer","timestamp":"2026-01-16 00:59:13.216","tool":"puppeteer_screenshot"}
{"arguments":{"script":"\n// Check for any errors in the console\nconst errors = [];\n// This won't capture past errors, but verifies no runtime errors\nreturn 'Console check - no runtime errors detected';\n"},"level":"debug","message":"Tool call received","service":"mcp-puppeteer","timestamp":"2026-01-16 00:59:21.729","tool":"puppeteer_evaluate"}
{"level":"debug","message":"Executing script in browser","scriptLength":178,"service":"mcp-puppeteer","timestamp":"2026-01-16 00:59:21.729"}
{"hasResult":true,"level":"debug","logCount":0,"message":"Script execution result","resultType":"string","service":"mcp-puppeteer","timestamp":"2026-01-16 00:59:21.731"}
{"arguments":{"height":900,"name":"final-desktop-view","width":1280},"level":"debug","message":"Tool call received","service":"mcp-puppeteer","timestamp":"2026-01-16 00:59:28.274","tool":"puppeteer_screenshot"}
{"level":"info","message":"Puppeteer MCP Server closing","service":"mcp-puppeteer","timestamp":"2026-01-16 01:00:41.265"}
{"level":"info","message":"Starting MCP server","service":"mcp-puppeteer","timestamp":"2026-01-16 01:00:49.431"}
{"level":"info","message":"MCP server started successfully","service":"mcp-puppeteer","timestamp":"2026-01-16 01:00:49.432"}
{"arguments":{"url":"http://localhost:5173"},"level":"debug","message":"Tool call received","service":"mcp-puppeteer","timestamp":"2026-01-16 01:02:06.523","tool":"puppeteer_navigate"}
{"0":"n","1":"p","2":"x","level":"info","message":"Launching browser with config:","service":"mcp-puppeteer","timestamp":"2026-01-16 01:02:06.523"}
{"level":"info","message":"Browser launched successfully","service":"mcp-puppeteer","timestamp":"2026-01-16 01:02:07.153"}
{"level":"info","message":"Navigating to URL","service":"mcp-puppeteer","timestamp":"2026-01-16 01:02:07.153","url":"http://localhost:5173"}
{"level":"info","message":"Navigation successful","service":"mcp-puppeteer","status":200,"timestamp":"2026-01-16 01:02:10.294","url":"http://localhost:5173"}
{"arguments":{"height":800,"name":"initial-verification","width":1200},"level":"debug","message":"Tool call received","service":"mcp-puppeteer","timestamp":"2026-01-16 01:02:13.975","tool":"puppeteer_screenshot"}
{"arguments":{"script":"\n// Check for console errors\nconst errors = [];\nconst originalError = console.error;\nconsole.error = (...args) => { errors.push(args.join(' ')); originalError.apply(console, args); };\n\n// Check localStorage for session\nconst sessionId = localStorage.getItem('wordcloud_session_id');\nconst votedPhrases = localStorage.getItem('wordcloud_voted_phrases');\nconst lastSubmission = localStorage.getItem('wordcloud_last_submission');\n\nJSON.stringify({\n  sessionId: sessionId ? sessionId.substring(0, 8) + '...' : null,\n  votedPhrasesCount: votedPhrases ? JSON.parse(votedPhrases).length : 0,\n  hasRateLimit: !!lastSubmission,\n  consoleErrors: errors\n});\n"},"level":"debug","message":"Tool call received","service":"mcp-puppeteer","timestamp":"2026-01-16 01:02:24.085","tool":"puppeteer_evaluate"}
{"level":"debug","message":"Executing script in browser","scriptLength":647,"service":"mcp-puppeteer","timestamp":"2026-01-16 01:02:24.086"}
{"hasResult":false,"level":"debug","logCount":0,"message":"Script execution result","resultType":"undefined","service":"mcp-puppeteer","timestamp":"2026-01-16 01:02:24.088"}
{"arguments":{"script":"\nconst sessionId = localStorage.getItem('wordcloud_session_id');\nconst votedPhrases = localStorage.getItem('wordcloud_voted_phrases');\nconst lastSubmission = localStorage.getItem('wordcloud_last_submission');\n\nJSON.stringify({\n  sessionId: sessionId ? sessionId.substring(0, 8) + '...' : null,\n  votedPhrasesCount: votedPhrases ? JSON.parse(votedPhrases).length : 0,\n  hasRateLimit: !!lastSubmission\n});\n"},"level":"debug","message":"Tool call received","service":"mcp-puppeteer","timestamp":"2026-01-16 01:02:29.766","tool":"puppeteer_evaluate"}
{"level":"debug","message":"Executing script in browser","scriptLength":404,"service":"mcp-puppeteer","timestamp":"2026-01-16 01:02:29.766"}
{"hasResult":false,"level":"debug","logCount":0,"message":"Script execution result","resultType":"undefined","service":"mcp-puppeteer","timestamp":"2026-01-16 01:02:29.767"}
{"arguments":{"script":"localStorage.getItem('wordcloud_session_id')"},"level":"debug","message":"Tool call received","service":"mcp-puppeteer","timestamp":"2026-01-16 01:02:34.424","tool":"puppeteer_evaluate"}
{"level":"debug","message":"Executing script in browser","scriptLength":44,"service":"mcp-puppeteer","timestamp":"2026-01-16 01:02:34.424"}
{"hasResult":false,"level":"debug","logCount":0,"message":"Script execution result","resultType":"undefined","service":"mcp-puppeteer","timestamp":"2026-01-16 01:02:34.425"}
{"arguments":{"selector":"textarea","value":"Session 50 verification - AI powered code reviewer"},"level":"debug","message":"Tool call received","service":"mcp-puppeteer","timestamp":"2026-01-16 01:02:39.949","tool":"puppeteer_fill"}
{"arguments":{"height":800,"name":"form-filled","width":1200},"level":"debug","message":"Tool call received","service":"mcp-puppeteer","timestamp":"2026-01-16 01:02:43.788","tool":"puppeteer_screenshot"}
{"arguments":{"selector":"button[type=\"submit\"]"},"level":"debug","message":"Tool call received","service":"mcp-puppeteer","timestamp":"2026-01-16 01:02:48.710","tool":"puppeteer_click"}
{"arguments":{"height":800,"name":"after-submit","width":1200},"level":"debug","message":"Tool call received","service":"mcp-puppeteer","timestamp":"2026-01-16 01:03:01.713","tool":"puppeteer_screenshot"}
{"arguments":{"selector":"text=learning"},"level":"debug","message":"Tool call received","service":"mcp-puppeteer","timestamp":"2026-01-16 01:03:08.735","tool":"puppeteer_click"}
{"arguments":{"height":800,"name":"after-vote","width":1200},"level":"debug","message":"Tool call received","service":"mcp-puppeteer","timestamp":"2026-01-16 01:03:19.361","tool":"puppeteer_screenshot"}
{"arguments":{"selector":"text=learning"},"level":"debug","message":"Tool call received","service":"mcp-puppeteer","timestamp":"2026-01-16 01:03:38.505","tool":"puppeteer_click"}
{"arguments":{"selector":".word-cloud-phrase:contains(\"learning\")"},"level":"debug","message":"Tool call received","service":"mcp-puppeteer","timestamp":"2026-01-16 01:03:43.164","tool":"puppeteer_click"}
{"arguments":{"script":"window.scrollTo(0, document.body.scrollHeight)"},"level":"debug","message":"Tool call received","service":"mcp-puppeteer","timestamp":"2026-01-16 01:03:47.914","tool":"puppeteer_evaluate"}
{"level":"debug","message":"Executing script in browser","scriptLength":46,"service":"mcp-puppeteer","timestamp":"2026-01-16 01:03:47.914"}
{"hasResult":false,"level":"debug","logCount":0,"message":"Script execution result","resultType":"undefined","service":"mcp-puppeteer","timestamp":"2026-01-16 01:03:47.920"}
{"arguments":{"height":800,"name":"footer-view","width":1200},"level":"debug","message":"Tool call received","service":"mcp-puppeteer","timestamp":"2026-01-16 01:03:52.547","tool":"puppeteer_screenshot"}
{"arguments":{"script":"document.documentElement.style.width = '375px'; window.innerWidth"},"level":"debug","message":"Tool call received","service":"mcp-puppeteer","timestamp":"2026-01-16 01:04:53.389","tool":"puppeteer_evaluate"}
{"level":"debug","message":"Executing script in browser","scriptLength":65,"service":"mcp-puppeteer","timestamp":"2026-01-16 01:04:53.390"}
{"hasResult":false,"level":"debug","logCount":0,"message":"Script execution result","resultType":"undefined","service":"mcp-puppeteer","timestamp":"2026-01-16 01:04:53.392"}
{"arguments":{"height":667,"name":"mobile-view","width":375},"level":"debug","message":"Tool call received","service":"mcp-puppeteer","timestamp":"2026-01-16 01:04:58.128","tool":"puppeteer_screenshot"}
{"arguments":{"url":"http://localhost:5173"},"level":"debug","message":"Tool call received","service":"mcp-puppeteer","timestamp":"2026-01-16 01:05:03.637","tool":"puppeteer_navigate"}
{"level":"info","message":"Navigating to URL","service":"mcp-puppeteer","timestamp":"2026-01-16 01:05:03.638","url":"http://localhost:5173"}
{"level":"info","message":"Navigation successful","service":"mcp-puppeteer","status":304,"timestamp":"2026-01-16 01:05:07.728","url":"http://localhost:5173"}
{"arguments":{"height":800,"name":"mobile-full","width":375},"level":"debug","message":"Tool call received","service":"mcp-puppeteer","timestamp":"2026-01-16 01:05:12.407","tool":"puppeteer_screenshot"}
{"arguments":{"url":"http://localhost:5173"},"level":"debug","message":"Tool call received","service":"mcp-puppeteer","timestamp":"2026-01-16 01:06:10.078","tool":"puppeteer_navigate"}
{"level":"info","message":"Navigating to URL","service":"mcp-puppeteer","timestamp":"2026-01-16 01:06:10.078","url":"http://localhost:5173"}
{"level":"info","message":"Navigation successful","service":"mcp-puppeteer","status":304,"timestamp":"2026-01-16 01:06:12.595","url":"http://localhost:5173"}
{"arguments":{"height":900,"name":"final-verification","width":1200},"level":"debug","message":"Tool call received","service":"mcp-puppeteer","timestamp":"2026-01-16 01:06:17.021","tool":"puppeteer_screenshot"}
{"level":"info","message":"Puppeteer MCP Server closing","service":"mcp-puppeteer","timestamp":"2026-01-16 01:06:27.501"}
{"level":"info","message":"Starting MCP server","service":"mcp-puppeteer","timestamp":"2026-01-16 01:06:38.088"}
{"level":"info","message":"MCP server started successfully","service":"mcp-puppeteer","timestamp":"2026-01-16 01:06:38.089"}
{"arguments":{"url":"http://localhost:5173"},"level":"debug","message":"Tool call received","service":"mcp-puppeteer","timestamp":"2026-01-16 01:07:39.783","tool":"puppeteer_navigate"}
{"0":"n","1":"p","2":"x","level":"info","message":"Launching browser with config:","service":"mcp-puppeteer","timestamp":"2026-01-16 01:07:39.784"}
{"level":"info","message":"Browser launched successfully","service":"mcp-puppeteer","timestamp":"2026-01-16 01:07:40.530"}
{"level":"info","message":"Navigating to URL","service":"mcp-puppeteer","timestamp":"2026-01-16 01:07:40.530","url":"http://localhost:5173"}
{"level":"info","message":"Navigation successful","service":"mcp-puppeteer","status":200,"timestamp":"2026-01-16 01:07:45.479","url":"http://localhost:5173"}
{"arguments":{"height":900,"name":"initial-load","width":1200},"level":"debug","message":"Tool call received","service":"mcp-puppeteer","timestamp":"2026-01-16 01:07:49.047","tool":"puppeteer_screenshot"}
{"arguments":{"selector":"textarea","value":"Session 51 verification - real-time dashboard"},"level":"debug","message":"Tool call received","service":"mcp-puppeteer","timestamp":"2026-01-16 01:07:57.274","tool":"puppeteer_fill"}
{"arguments":{"height":900,"name":"form-filled","width":1200},"level":"debug","message":"Tool call received","service":"mcp-puppeteer","timestamp":"2026-01-16 01:08:01.792","tool":"puppeteer_screenshot"}
{"arguments":{"selector":"button[type=\"submit\"]"},"level":"debug","message":"Tool call received","service":"mcp-puppeteer","timestamp":"2026-01-16 01:08:07.608","tool":"puppeteer_click"}
{"arguments":{"height":900,"name":"after-submit","width":1200},"level":"debug","message":"Tool call received","service":"mcp-puppeteer","timestamp":"2026-01-16 01:08:20.349","tool":"puppeteer_screenshot"}
{"arguments":{"selector":".word-cloud span"},"level":"debug","message":"Tool call received","service":"mcp-puppeteer","timestamp":"2026-01-16 01:08:28.885","tool":"puppeteer_click"}
{"arguments":{"script":"document.querySelectorAll('[class*=\"word\"]').length"},"level":"debug","message":"Tool call received","service":"mcp-puppeteer","timestamp":"2026-01-16 01:08:34.321","tool":"puppeteer_evaluate"}
{"level":"debug","message":"Executing script in browser","scriptLength":51,"service":"mcp-puppeteer","timestamp":"2026-01-16 01:08:34.322"}
{"hasResult":false,"level":"debug","logCount":0,"message":"Script execution result","resultType":"undefined","service":"mcp-puppeteer","timestamp":"2026-01-16 01:08:34.324"}
{"arguments":{"script":"Array.from(document.querySelectorAll('button')).map(b => b.textContent.slice(0, 30))"},"level":"debug","message":"Tool call received","service":"mcp-puppeteer","timestamp":"2026-01-16 01:08:39.272","tool":"puppeteer_evaluate"}
{"level":"debug","message":"Executing script in browser","scriptLength":84,"service":"mcp-puppeteer","timestamp":"2026-01-16 01:08:39.272"}
{"hasResult":false,"level":"debug","logCount":0,"message":"Script execution result","resultType":"undefined","service":"mcp-puppeteer","timestamp":"2026-01-16 01:08:39.274"}
{"arguments":{"selector":"text=blockchain"},"level":"debug","message":"Tool call received","service":"mcp-puppeteer","timestamp":"2026-01-16 01:08:44.743","tool":"puppeteer_click"}
{"arguments":{"height":900,"name":"after-vote","width":1200},"level":"debug","message":"Tool call received","service":"mcp-puppeteer","timestamp":"2026-01-16 01:08:55.634","tool":"puppeteer_screenshot"}
{"arguments":{"script":"window.scrollTo(0, document.body.scrollHeight)"},"level":"debug","message":"Tool call received","service":"mcp-puppeteer","timestamp":"2026-01-16 01:09:18.545","tool":"puppeteer_evaluate"}
{"level":"debug","message":"Executing script in browser","scriptLength":46,"service":"mcp-puppeteer","timestamp":"2026-01-16 01:09:18.545"}
{"hasResult":false,"level":"debug","logCount":0,"message":"Script execution result","resultType":"undefined","service":"mcp-puppeteer","timestamp":"2026-01-16 01:09:18.548"}
{"arguments":{"height":900,"name":"footer-view","width":1200},"level":"debug","message":"Tool call received","service":"mcp-puppeteer","timestamp":"2026-01-16 01:09:24.968","tool":"puppeteer_screenshot"}
{"arguments":{"script":"console.log('Test complete - checking for errors')"},"level":"debug","message":"Tool call received","service":"mcp-puppeteer","timestamp":"2026-01-16 01:09:37.462","tool":"puppeteer_evaluate"}
{"level":"debug","message":"Executing script in browser","scriptLength":50,"service":"mcp-puppeteer","timestamp":"2026-01-16 01:09:37.463"}
{"hasResult":false,"level":"debug","logCount":1,"message":"Script execution result","resultType":"undefined","service":"mcp-puppeteer","timestamp":"2026-01-16 01:09:37.464"}
{"arguments":{"height":800,"name":"mobile-view","width":375},"level":"debug","message":"Tool call received","service":"mcp-puppeteer","timestamp":"2026-01-16 01:09:43.259","tool":"puppeteer_screenshot"}
{"arguments":{"script":"window.scrollTo(0, 600)"},"level":"debug","message":"Tool call received","service":"mcp-puppeteer","timestamp":"2026-01-16 01:09:50.227","tool":"puppeteer_evaluate"}
{"level":"debug","message":"Executing script in browser","scriptLength":23,"service":"mcp-puppeteer","timestamp":"2026-01-16 01:09:50.228"}
{"hasResult":false,"level":"debug","logCount":0,"message":"Script execution result","resultType":"undefined","service":"mcp-puppeteer","timestamp":"2026-01-16 01:09:50.231"}
{"arguments":{"height":800,"name":"mobile-wordcloud","width":375},"level":"debug","message":"Tool call received","service":"mcp-puppeteer","timestamp":"2026-01-16 01:09:55.202","tool":"puppeteer_screenshot"}
{"arguments":{"url":"http://localhost:5173"},"level":"debug","message":"Tool call received","service":"mcp-puppeteer","timestamp":"2026-01-16 01:10:57.260","tool":"puppeteer_navigate"}
{"level":"info","message":"Navigating to URL","service":"mcp-puppeteer","timestamp":"2026-01-16 01:10:57.261","url":"http://localhost:5173"}
{"level":"info","message":"Navigation successful","service":"mcp-puppeteer","status":304,"timestamp":"2026-01-16 01:11:01.478","url":"http://localhost:5173"}
{"arguments":{"height":900,"name":"full-reload-test","width":1200},"level":"debug","message":"Tool call received","service":"mcp-puppeteer","timestamp":"2026-01-16 01:11:05.950","tool":"puppeteer_screenshot"}
{"level":"info","message":"Puppeteer MCP Server closing","service":"mcp-puppeteer","timestamp":"2026-01-16 01:12:08.502"}
{"level":"info","message":"Starting MCP server","service":"mcp-puppeteer","timestamp":"2026-01-16 01:12:16.469"}
{"level":"info","message":"MCP server started successfully","service":"mcp-puppeteer","timestamp":"2026-01-16 01:12:16.470"}
{"arguments":{"url":"http://localhost:5186"},"level":"debug","message":"Tool call received","service":"mcp-puppeteer","timestamp":"2026-01-16 01:13:23.338","tool":"puppeteer_navigate"}
{"0":"n","1":"p","2":"x","level":"info","message":"Launching browser with config:","service":"mcp-puppeteer","timestamp":"2026-01-16 01:13:23.339"}
{"level":"info","message":"Browser launched successfully","service":"mcp-puppeteer","timestamp":"2026-01-16 01:13:23.968"}
{"level":"info","message":"Navigating to URL","service":"mcp-puppeteer","timestamp":"2026-01-16 01:13:23.968","url":"http://localhost:5186"}
{"level":"info","message":"Navigation successful","service":"mcp-puppeteer","status":200,"timestamp":"2026-01-16 01:13:27.828","url":"http://localhost:5186"}
{"arguments":{"height":900,"name":"initial-verification","width":1280},"level":"debug","message":"Tool call received","service":"mcp-puppeteer","timestamp":"2026-01-16 01:13:31.000","tool":"puppeteer_screenshot"}
{"arguments":{"selector":"textarea","value":"Session 52 verification test"},"level":"debug","message":"Tool call received","service":"mcp-puppeteer","timestamp":"2026-01-16 01:13:39.276","tool":"puppeteer_fill"}
{"arguments":{"height":900,"name":"form-filled","width":1280},"level":"debug","message":"Tool call received","service":"mcp-puppeteer","timestamp":"2026-01-16 01:13:43.106","tool":"puppeteer_screenshot"}
{"arguments":{"selector":"button[type=\"submit\"]"},"level":"debug","message":"Tool call received","service":"mcp-puppeteer","timestamp":"2026-01-16 01:13:48.416","tool":"puppeteer_click"}
{"arguments":{"height":900,"name":"after-submission","width":1280},"level":"debug","message":"Tool call received","service":"mcp-puppeteer","timestamp":"2026-01-16 01:14:00.744","tool":"puppeteer_screenshot"}
{"arguments":{"selector":"text=coding"},"level":"debug","message":"Tool call received","service":"mcp-puppeteer","timestamp":"2026-01-16 01:14:08.587","tool":"puppeteer_click"}
{"arguments":{"height":900,"name":"after-vote","width":1280},"level":"debug","message":"Tool call received","service":"mcp-puppeteer","timestamp":"2026-01-16 01:14:19.998","tool":"puppeteer_screenshot"}
{"arguments":{"script":"\n// Check current counts from the page\nconst stats = document.querySelector('.text-3xl, .text-2xl');\nconst submissionCount = document.querySelectorAll('[class*=\"stat\"]');\nreturn {\n  submissions: document.body.innerText.match(/(\\d+)\\s*SUBMISSIONS/)?.[1],\n  votes: document.body.innerText.match(/(\\d+)\\s*VOTES/)?.[1],\n  participants: document.body.innerText.match(/(\\d+)\\s*PARTICIPANTS/)?.[1]\n};\n"},"level":"debug","message":"Tool call received","service":"mcp-puppeteer","timestamp":"2026-01-16 01:14:58.941","tool":"puppeteer_evaluate"}
{"level":"debug","message":"Executing script in browser","scriptLength":394,"service":"mcp-puppeteer","timestamp":"2026-01-16 01:14:58.942"}
{"hasResult":true,"level":"debug","logCount":0,"message":"Script execution result","resultType":"object","service":"mcp-puppeteer","timestamp":"2026-01-16 01:14:58.945"}
{"arguments":{"script":"\n// Check localStorage for session info\nconst sessionId = localStorage.getItem('wordcloud_session_id');\nconst votedPhrases = localStorage.getItem('wordcloud_voted_phrases');\nreturn {\n  sessionId: sessionId,\n  votedPhrases: JSON.parse(votedPhrases || '[]'),\n  currentUrl: window.location.href\n};\n"},"level":"debug","message":"Tool call received","service":"mcp-puppeteer","timestamp":"2026-01-16 01:15:26.421","tool":"puppeteer_evaluate"}
{"level":"debug","message":"Executing script in browser","scriptLength":295,"service":"mcp-puppeteer","timestamp":"2026-01-16 01:15:26.421"}
{"hasResult":true,"level":"debug","logCount":0,"message":"Script execution result","resultType":"object","service":"mcp-puppeteer","timestamp":"2026-01-16 01:15:26.422"}
{"arguments":{"script":"\n// Check performance metrics\nconst performance = window.performance;\nconst entries = performance.getEntriesByType('navigation');\nconst timing = entries[0];\nreturn {\n  loadTime: timing.loadEventEnd - timing.startTime,\n  domContentLoaded: timing.domContentLoadedEventEnd - timing.startTime,\n  memoryUsed: performance.memory ? performance.memory.usedJSHeapSize / 1024 / 1024 : 'N/A',\n  totalMemory: performance.memory ? performance.memory.totalJSHeapSize / 1024 / 1024 : 'N/A',\n  wordCount: document.querySelectorAll('[class*=\"word-cloud\"] span, .recharts-text, svg text').length\n};\n"},"level":"debug","message":"Tool call received","service":"mcp-puppeteer","timestamp":"2026-01-16 01:15:37.455","tool":"puppeteer_evaluate"}
{"level":"debug","message":"Executing script in browser","scriptLength":581,"service":"mcp-puppeteer","timestamp":"2026-01-16 01:15:37.455"}
{"hasResult":true,"level":"debug","logCount":0,"message":"Script execution result","resultType":"object","service":"mcp-puppeteer","timestamp":"2026-01-16 01:15:37.461"}
{"arguments":{"height":900,"name":"current-state","width":1280},"level":"debug","message":"Tool call received","service":"mcp-puppeteer","timestamp":"2026-01-16 01:15:44.065","tool":"puppeteer_screenshot"}
{"arguments":{"script":"window.scrollTo(0, document.body.scrollHeight); return 'scrolled';"},"level":"debug","message":"Tool call received","service":"mcp-puppeteer","timestamp":"2026-01-16 01:15:49.914","tool":"puppeteer_evaluate"}
{"level":"debug","message":"Executing script in browser","scriptLength":66,"service":"mcp-puppeteer","timestamp":"2026-01-16 01:15:49.915"}
{"hasResult":true,"level":"debug","logCount":0,"message":"Script execution result","resultType":"string","service":"mcp-puppeteer","timestamp":"2026-01-16 01:15:49.922"}
{"arguments":{"height":900,"name":"footer-view","width":1280},"level":"debug","message":"Tool call received","service":"mcp-puppeteer","timestamp":"2026-01-16 01:15:55.239","tool":"puppeteer_screenshot"}
{"arguments":{"script":"\n// Check for console errors - look at the error list\nconst errors = [];\n// We can't directly access console logs, but we can check for React errors in the DOM\nconst reactErrors = document.querySelectorAll('[class*=\"error\"], [role=\"alert\"]');\nreactErrors.forEach(el => errors.push(el.textContent));\nreturn {\n  errorCount: errors.length,\n  errors: errors.slice(0, 5),\n  hasHydrationErrors: document.body.innerHTML.includes('Hydration'),\n  hasReactError: document.body.innerHTML.includes('Error:')\n};\n"},"level":"debug","message":"Tool call received","service":"mcp-puppeteer","timestamp":"2026-01-16 01:16:15.026","tool":"puppeteer_evaluate"}
{"level":"debug","message":"Executing script in browser","scriptLength":499,"service":"mcp-puppeteer","timestamp":"2026-01-16 01:16:15.026"}
{"hasResult":true,"level":"debug","logCount":0,"message":"Script execution result","resultType":"object","service":"mcp-puppeteer","timestamp":"2026-01-16 01:16:15.028"}
{"arguments":{"script":"\n// Set viewport to mobile size\nwindow.scrollTo(0, 0);\nreturn 'ready for mobile screenshot';\n"},"level":"debug","message":"Tool call received","service":"mcp-puppeteer","timestamp":"2026-01-16 01:16:21.426","tool":"puppeteer_evaluate"}
{"level":"debug","message":"Executing script in browser","scriptLength":93,"service":"mcp-puppeteer","timestamp":"2026-01-16 01:16:21.427"}
{"hasResult":true,"level":"debug","logCount":0,"message":"Script execution result","resultType":"string","service":"mcp-puppeteer","timestamp":"2026-01-16 01:16:21.428"}
{"arguments":{"height":800,"name":"mobile-view","width":375},"level":"debug","message":"Tool call received","service":"mcp-puppeteer","timestamp":"2026-01-16 01:16:26.542","tool":"puppeteer_screenshot"}
{"level":"info","message":"Puppeteer MCP Server closing","service":"mcp-puppeteer","timestamp":"2026-01-16 01:17:39.447"}
{"level":"info","message":"Starting MCP server","service":"mcp-puppeteer","timestamp":"2026-01-16 01:17:48.428"}
{"level":"info","message":"MCP server started successfully","service":"mcp-puppeteer","timestamp":"2026-01-16 01:17:48.429"}
{"arguments":{"url":"http://localhost:5189"},"level":"debug","message":"Tool call received","service":"mcp-puppeteer","timestamp":"2026-01-16 01:18:59.245","tool":"puppeteer_navigate"}
{"0":"n","1":"p","2":"x","level":"info","message":"Launching browser with config:","service":"mcp-puppeteer","timestamp":"2026-01-16 01:18:59.246"}
{"level":"info","message":"Browser launched successfully","service":"mcp-puppeteer","timestamp":"2026-01-16 01:18:59.908"}
{"level":"info","message":"Navigating to URL","service":"mcp-puppeteer","timestamp":"2026-01-16 01:18:59.909","url":"http://localhost:5189"}
{"level":"info","message":"Navigation successful","service":"mcp-puppeteer","status":200,"timestamp":"2026-01-16 01:19:05.895","url":"http://localhost:5189"}
{"arguments":{"height":900,"name":"initial-page-load","width":1400},"level":"debug","message":"Tool call received","service":"mcp-puppeteer","timestamp":"2026-01-16 01:19:09.344","tool":"puppeteer_screenshot"}
{"arguments":{"selector":"textarea","value":"Session 53 verification test"},"level":"debug","message":"Tool call received","service":"mcp-puppeteer","timestamp":"2026-01-16 01:19:18.493","tool":"puppeteer_fill"}
{"arguments":{"height":900,"name":"form-filled","width":1400},"level":"debug","message":"Tool call received","service":"mcp-puppeteer","timestamp":"2026-01-16 01:19:22.771","tool":"puppeteer_screenshot"}
{"arguments":{"selector":"button[type=\"submit\"]"},"level":"debug","message":"Tool call received","service":"mcp-puppeteer","timestamp":"2026-01-16 01:19:27.764","tool":"puppeteer_click"}
{"arguments":{"height":900,"name":"after-submission","width":1400},"level":"debug","message":"Tool call received","service":"mcp-puppeteer","timestamp":"2026-01-16 01:19:40.247","tool":"puppeteer_screenshot"}
{"arguments":{"selector":"text=coding"},"level":"debug","message":"Tool call received","service":"mcp-puppeteer","timestamp":"2026-01-16 01:19:48.316","tool":"puppeteer_click"}
{"arguments":{"height":900,"name":"after-vote","width":1400},"level":"debug","message":"Tool call received","service":"mcp-puppeteer","timestamp":"2026-01-16 01:19:59.382","tool":"puppeteer_screenshot"}
{"arguments":{"height":800,"name":"mobile-view","width":375},"level":"debug","message":"Tool call received","service":"mcp-puppeteer","timestamp":"2026-01-16 01:20:06.301","tool":"puppeteer_screenshot"}
{"arguments":{"script":"\n// Check for console errors and get current stats\nconst consoleErrors = [];\nconst originalError = console.error;\nconsole.error = (...args) => {\n  consoleErrors.push(args.join(' '));\n  originalError.apply(console, args);\n};\n\n// Get localStorage data\nconst sessionId = localStorage.getItem('wordcloud_session_id');\nconst lastSubmission = localStorage.getItem('wordcloud_last_submission');\nconst votedPhrases = JSON.parse(localStorage.getItem('wordcloud_voted_phrases') || '[]');\n\nJSON.stringify({\n  sessionId: sessionId ? sessionId.substring(0, 8) + '...' : null,\n  lastSubmission: lastSubmission,\n  votedPhrasesCount: votedPhrases.length,\n  votedPhrases: votedPhrases.slice(0, 5),\n  currentUrl: window.location.href\n});\n"},"level":"debug","message":"Tool call received","service":"mcp-puppeteer","timestamp":"2026-01-16 01:20:34.498","tool":"puppeteer_evaluate"}
{"level":"debug","message":"Executing script in browser","scriptLength":720,"service":"mcp-puppeteer","timestamp":"2026-01-16 01:20:34.499"}
{"hasResult":false,"level":"debug","logCount":0,"message":"Script execution result","resultType":"undefined","service":"mcp-puppeteer","timestamp":"2026-01-16 01:20:34.501"}
{"arguments":{"script":"\n// Get localStorage data\nconst sessionId = localStorage.getItem('wordcloud_session_id');\nconst lastSubmission = localStorage.getItem('wordcloud_last_submission');\nconst votedPhrases = JSON.parse(localStorage.getItem('wordcloud_voted_phrases') || '[]');\n\n`Session: ${sessionId ? sessionId.substring(0, 8) + '...' : 'null'}, Voted: ${votedPhrases.length} phrases, Last submission: ${lastSubmission}`;\n"},"level":"debug","message":"Tool call received","service":"mcp-puppeteer","timestamp":"2026-01-16 01:20:40.506","tool":"puppeteer_evaluate"}
{"level":"debug","message":"Executing script in browser","scriptLength":400,"service":"mcp-puppeteer","timestamp":"2026-01-16 01:20:40.506"}
{"hasResult":false,"level":"debug","logCount":0,"message":"Script execution result","resultType":"undefined","service":"mcp-puppeteer","timestamp":"2026-01-16 01:20:40.508"}
{"arguments":{"script":"localStorage.getItem('wordcloud_session_id')"},"level":"debug","message":"Tool call received","service":"mcp-puppeteer","timestamp":"2026-01-16 01:20:45.974","tool":"puppeteer_evaluate"}
{"level":"debug","message":"Executing script in browser","scriptLength":44,"service":"mcp-puppeteer","timestamp":"2026-01-16 01:20:45.974"}
{"hasResult":false,"level":"debug","logCount":0,"message":"Script execution result","resultType":"undefined","service":"mcp-puppeteer","timestamp":"2026-01-16 01:20:45.975"}
{"arguments":{"script":"document.querySelector('[data-testid]') ? 'found' : 'not found'"},"level":"debug","message":"Tool call received","service":"mcp-puppeteer","timestamp":"2026-01-16 01:20:50.903","tool":"puppeteer_evaluate"}
{"level":"debug","message":"Executing script in browser","scriptLength":63,"service":"mcp-puppeteer","timestamp":"2026-01-16 01:20:50.904"}
{"hasResult":false,"level":"debug","logCount":0,"message":"Script execution result","resultType":"undefined","service":"mcp-puppeteer","timestamp":"2026-01-16 01:20:50.905"}
{"arguments":{"height":1200,"name":"full-desktop-view","width":1400},"level":"debug","message":"Tool call received","service":"mcp-puppeteer","timestamp":"2026-01-16 01:20:56.975","tool":"puppeteer_screenshot"}
{"level":"info","message":"Puppeteer MCP Server closing","service":"mcp-puppeteer","timestamp":"2026-01-16 01:22:04.514"}
{"level":"info","message":"Starting MCP server","service":"mcp-puppeteer","timestamp":"2026-01-16 01:22:12.877"}
{"level":"info","message":"MCP server started successfully","service":"mcp-puppeteer","timestamp":"2026-01-16 01:22:12.879"}
{"arguments":{"url":"http://localhost:5192"},"level":"debug","message":"Tool call received","service":"mcp-puppeteer","timestamp":"2026-01-16 01:23:22.154","tool":"puppeteer_navigate"}
{"0":"n","1":"p","2":"x","level":"info","message":"Launching browser with config:","service":"mcp-puppeteer","timestamp":"2026-01-16 01:23:22.155"}
{"level":"info","message":"Browser launched successfully","service":"mcp-puppeteer","timestamp":"2026-01-16 01:23:22.742"}
{"level":"info","message":"Navigating to URL","service":"mcp-puppeteer","timestamp":"2026-01-16 01:23:22.743","url":"http://localhost:5192"}
{"level":"info","message":"Navigation successful","service":"mcp-puppeteer","status":200,"timestamp":"2026-01-16 01:23:27.228","url":"http://localhost:5192"}
{"arguments":{"height":900,"name":"initial-load","width":1400},"level":"debug","message":"Tool call received","service":"mcp-puppeteer","timestamp":"2026-01-16 01:23:30.394","tool":"puppeteer_screenshot"}
{"arguments":{"script":"window.scrollTo(0, document.body.scrollHeight)"},"level":"debug","message":"Tool call received","service":"mcp-puppeteer","timestamp":"2026-01-16 01:23:38.767","tool":"puppeteer_evaluate"}
{"level":"debug","message":"Executing script in browser","scriptLength":46,"service":"mcp-puppeteer","timestamp":"2026-01-16 01:23:38.768"}
{"hasResult":false,"level":"debug","logCount":0,"message":"Script execution result","resultType":"undefined","service":"mcp-puppeteer","timestamp":"2026-01-16 01:23:38.775"}
{"arguments":{"height":900,"name":"footer-view","width":1400},"level":"debug","message":"Tool call received","service":"mcp-puppeteer","timestamp":"2026-01-16 01:23:42.397","tool":"puppeteer_screenshot"}
{"arguments":{"script":"window.scrollTo(0, 0)"},"level":"debug","message":"Tool call received","service":"mcp-puppeteer","timestamp":"2026-01-16 01:23:49.420","tool":"puppeteer_evaluate"}
{"level":"debug","message":"Executing script in browser","scriptLength":21,"service":"mcp-puppeteer","timestamp":"2026-01-16 01:23:49.421"}
{"hasResult":false,"level":"debug","logCount":0,"message":"Script execution result","resultType":"undefined","service":"mcp-puppeteer","timestamp":"2026-01-16 01:23:49.422"}
{"arguments":{"selector":"textarea","value":"Session 54 verification test blockchain AI"},"level":"debug","message":"Tool call received","service":"mcp-puppeteer","timestamp":"2026-01-16 01:23:54.771","tool":"puppeteer_fill"}
{"arguments":{"height":900,"name":"form-filled","width":1400},"level":"debug","message":"Tool call received","service":"mcp-puppeteer","timestamp":"2026-01-16 01:23:58.902","tool":"puppeteer_screenshot"}
{"arguments":{"selector":"button[type=\"submit\"]"},"level":"debug","message":"Tool call received","service":"mcp-puppeteer","timestamp":"2026-01-16 01:24:04.403","tool":"puppeteer_click"}
{"arguments":{"height":900,"name":"after-submission","width":1400},"level":"debug","message":"Tool call received","service":"mcp-puppeteer","timestamp":"2026-01-16 01:24:15.990","tool":"puppeteer_screenshot"}
{"arguments":{"selector":"text=learning"},"level":"debug","message":"Tool call received","service":"mcp-puppeteer","timestamp":"2026-01-16 01:24:23.957","tool":"puppeteer_click"}
{"arguments":{"height":900,"name":"after-vote","width":1400},"level":"debug","message":"Tool call received","service":"mcp-puppeteer","timestamp":"2026-01-16 01:24:35.572","tool":"puppeteer_screenshot"}
{"arguments":{"script":"window.scrollTo(0, 0)"},"level":"debug","message":"Tool call received","service":"mcp-puppeteer","timestamp":"2026-01-16 01:24:42.770","tool":"puppeteer_evaluate"}
{"level":"debug","message":"Executing script in browser","scriptLength":21,"service":"mcp-puppeteer","timestamp":"2026-01-16 01:24:42.770"}
{"hasResult":false,"level":"debug","logCount":0,"message":"Script execution result","resultType":"undefined","service":"mcp-puppeteer","timestamp":"2026-01-16 01:24:42.771"}
{"arguments":{"height":800,"name":"mobile-view","width":375},"level":"debug","message":"Tool call received","service":"mcp-puppeteer","timestamp":"2026-01-16 01:24:47.719","tool":"puppeteer_screenshot"}
{"arguments":{"script":"\n// Check for any console errors in the page\nconst errors = [];\n// Get localStorage data\nconst sessionId = localStorage.getItem('wordcloud_session_id');\nconst votedPhrases = localStorage.getItem('wordcloud_voted_phrases');\nconst lastSubmission = localStorage.getItem('wordcloud_last_submission');\n\nreturn {\n  sessionId,\n  votedPhrases: JSON.parse(votedPhrases || '[]'),\n  lastSubmission,\n  url: window.location.href\n};\n"},"level":"debug","message":"Tool call received","service":"mcp-puppeteer","timestamp":"2026-01-16 01:25:12.591","tool":"puppeteer_evaluate"}
{"level":"debug","message":"Executing script in browser","scriptLength":419,"service":"mcp-puppeteer","timestamp":"2026-01-16 01:25:12.592"}
{"hasResult":true,"level":"debug","logCount":0,"message":"Script execution result","resultType":"object","service":"mcp-puppeteer","timestamp":"2026-01-16 01:25:12.598"}
{"level":"info","message":"Puppeteer MCP Server closing","service":"mcp-puppeteer","timestamp":"2026-01-16 01:26:12.692"}
{"level":"info","message":"Starting MCP server","service":"mcp-puppeteer","timestamp":"2026-01-16 01:26:20.469"}
{"level":"info","message":"MCP server started successfully","service":"mcp-puppeteer","timestamp":"2026-01-16 01:26:20.470"}
{"arguments":{"url":"http://localhost:5193"},"level":"debug","message":"Tool call received","service":"mcp-puppeteer","timestamp":"2026-01-16 01:27:33.820","tool":"puppeteer_navigate"}
{"0":"n","1":"p","2":"x","level":"info","message":"Launching browser with config:","service":"mcp-puppeteer","timestamp":"2026-01-16 01:27:33.821"}
{"level":"info","message":"Browser launched successfully","service":"mcp-puppeteer","timestamp":"2026-01-16 01:27:34.441"}
{"level":"info","message":"Navigating to URL","service":"mcp-puppeteer","timestamp":"2026-01-16 01:27:34.442","url":"http://localhost:5193"}
{"level":"info","message":"Navigation successful","service":"mcp-puppeteer","status":200,"timestamp":"2026-01-16 01:27:40.245","url":"http://localhost:5193"}
{"arguments":{"height":900,"name":"initial-load-verification","width":1280},"level":"debug","message":"Tool call received","service":"mcp-puppeteer","timestamp":"2026-01-16 01:27:43.972","tool":"puppeteer_screenshot"}
{"arguments":{"selector":"textarea","value":"Session 55 verification testing blockchain AI machine learning"},"level":"debug","message":"Tool call received","service":"mcp-puppeteer","timestamp":"2026-01-16 01:27:53.059","tool":"puppeteer_fill"}
{"arguments":{"height":900,"name":"filled-form-verification","width":1280},"level":"debug","message":"Tool call received","service":"mcp-puppeteer","timestamp":"2026-01-16 01:27:58.190","tool":"puppeteer_screenshot"}
{"arguments":{"selector":"button[type=\"submit\"]"},"level":"debug","message":"Tool call received","service":"mcp-puppeteer","timestamp":"2026-01-16 01:28:03.623","tool":"puppeteer_click"}
{"arguments":{"height":900,"name":"after-submit-verification","width":1280},"level":"debug","message":"Tool call received","service":"mcp-puppeteer","timestamp":"2026-01-16 01:28:15.495","tool":"puppeteer_screenshot"}
{"arguments":{"selector":"text=blockchain"},"level":"debug","message":"Tool call received","service":"mcp-puppeteer","timestamp":"2026-01-16 01:28:22.641","tool":"puppeteer_click"}
{"arguments":{"script":"\n// Find all clickable phrase elements and click the one containing \"machine\"\nconst phrases = document.querySelectorAll('[role=\"button\"]');\nlet clicked = false;\nfor (const phrase of phrases) {\n  if (phrase.textContent && phrase.textContent.includes('machine') && !phrase.textContent.includes('machine learning')) {\n    phrase.click();\n    clicked = true;\n    break;\n  }\n}\nclicked ? 'Clicked machine phrase' : 'Could not find machine phrase';\n"},"level":"debug","message":"Tool call received","service":"mcp-puppeteer","timestamp":"2026-01-16 01:28:29.947","tool":"puppeteer_evaluate"}
{"level":"debug","message":"Executing script in browser","scriptLength":442,"service":"mcp-puppeteer","timestamp":"2026-01-16 01:28:29.948"}
{"hasResult":true,"level":"debug","logCount":1,"message":"Script execution result","resultType":"object","service":"mcp-puppeteer","timestamp":"2026-01-16 01:28:29.950"}
{"arguments":{"script":"\n// Get the word cloud container and find all phrase elements\nconst container = document.querySelector('.react-wordcloud');\nif (container) {\n  const texts = container.querySelectorAll('text');\n  'Found ' + texts.length + ' text elements in word cloud';\n} else {\n  'No word cloud container found';\n}\n"},"level":"debug","message":"Tool call received","service":"mcp-puppeteer","timestamp":"2026-01-16 01:28:35.468","tool":"puppeteer_evaluate"}
{"level":"debug","message":"Executing script in browser","scriptLength":299,"service":"mcp-puppeteer","timestamp":"2026-01-16 01:28:35.468"}
{"hasResult":false,"level":"debug","logCount":0,"message":"Script execution result","resultType":"undefined","service":"mcp-puppeteer","timestamp":"2026-01-16 01:28:35.469"}
{"arguments":{"script":"\n// Look for word cloud elements - they might be in SVG\nconst svgTexts = document.querySelectorAll('svg text');\nif (svgTexts.length > 0) {\n  return 'Found ' + svgTexts.length + ' SVG text elements';\n}\nreturn 'No SVG texts found';\n"},"level":"debug","message":"Tool call received","service":"mcp-puppeteer","timestamp":"2026-01-16 01:28:40.283","tool":"puppeteer_evaluate"}
{"level":"debug","message":"Executing script in browser","scriptLength":230,"service":"mcp-puppeteer","timestamp":"2026-01-16 01:28:40.284"}
{"hasResult":true,"level":"debug","logCount":0,"message":"Script execution result","resultType":"string","service":"mcp-puppeteer","timestamp":"2026-01-16 01:28:40.285"}
{"arguments":{"script":"\n// Click on a word in the word cloud - let's try \"machine\"\nconst svgTexts = document.querySelectorAll('svg text');\nfor (const text of svgTexts) {\n  if (text.textContent === 'machine') {\n    // Dispatch a click event\n    const event = new MouseEvent('click', {\n      bubbles: true,\n      cancelable: true,\n      view: window\n    });\n    text.dispatchEvent(event);\n    return 'Clicked on machine';\n  }\n}\nreturn 'Machine not found in word cloud';\n"},"level":"debug","message":"Tool call received","service":"mcp-puppeteer","timestamp":"2026-01-16 01:28:45.483","tool":"puppeteer_evaluate"}
{"level":"debug","message":"Executing script in browser","scriptLength":445,"service":"mcp-puppeteer","timestamp":"2026-01-16 01:28:45.483"}
{"hasResult":true,"level":"debug","logCount":0,"message":"Script execution result","resultType":"string","service":"mcp-puppeteer","timestamp":"2026-01-16 01:28:45.486"}
{"arguments":{"height":900,"name":"after-vote-verification","width":1280},"level":"debug","message":"Tool call received","service":"mcp-puppeteer","timestamp":"2026-01-16 01:28:55.863","tool":"puppeteer_screenshot"}
{"arguments":{"script":"\n// Check localStorage values\nconst sessionId = localStorage.getItem('wordcloud_session_id');\nconst votedPhrases = localStorage.getItem('wordcloud_voted_phrases');\nconst lastSubmission = localStorage.getItem('wordcloud_last_submission');\nreturn {\n  sessionId: sessionId,\n  votedPhrases: votedPhrases ? JSON.parse(votedPhrases) : [],\n  lastSubmission: lastSubmission\n};\n"},"level":"debug","message":"Tool call received","service":"mcp-puppeteer","timestamp":"2026-01-16 01:29:02.182","tool":"puppeteer_evaluate"}
{"level":"debug","message":"Executing script in browser","scriptLength":369,"service":"mcp-puppeteer","timestamp":"2026-01-16 01:29:02.182"}
{"hasResult":true,"level":"debug","logCount":0,"message":"Script execution result","resultType":"object","service":"mcp-puppeteer","timestamp":"2026-01-16 01:29:02.184"}
{"arguments":{"script":"\n// Check for any console errors\nconst errors = [];\nconst originalError = console.error;\nconsole.error = (...args) => {\n  errors.push(args.join(' '));\n  originalError.apply(console, args);\n};\n\n// Check if Supabase is connected\nif (window.__SUPABASE_REALTIME_CONNECTED !== undefined) {\n  return { connected: window.__SUPABASE_REALTIME_CONNECTED, errors: errors };\n}\n\n// Alternative - check for any real-time related errors\nreturn { message: 'Checking for console errors', errors: errors };\n"},"level":"debug","message":"Tool call received","service":"mcp-puppeteer","timestamp":"2026-01-16 01:29:38.739","tool":"puppeteer_evaluate"}
{"level":"debug","message":"Executing script in browser","scriptLength":489,"service":"mcp-puppeteer","timestamp":"2026-01-16 01:29:38.739"}
{"hasResult":true,"level":"debug","logCount":0,"message":"Script execution result","resultType":"object","service":"mcp-puppeteer","timestamp":"2026-01-16 01:29:38.740"}
{"arguments":{"script":"\n// Scroll to bottom of page\nwindow.scrollTo(0, document.body.scrollHeight);\nreturn 'Scrolled to bottom';\n"},"level":"debug","message":"Tool call received","service":"mcp-puppeteer","timestamp":"2026-01-16 01:29:43.637","tool":"puppeteer_evaluate"}
{"level":"debug","message":"Executing script in browser","scriptLength":106,"service":"mcp-puppeteer","timestamp":"2026-01-16 01:29:43.638"}
{"hasResult":true,"level":"debug","logCount":0,"message":"Script execution result","resultType":"string","service":"mcp-puppeteer","timestamp":"2026-01-16 01:29:43.639"}
{"arguments":{"height":900,"name":"footer-verification","width":1280},"level":"debug","message":"Tool call received","service":"mcp-puppeteer","timestamp":"2026-01-16 01:29:48.242","tool":"puppeteer_screenshot"}
{"arguments":{"script":"\n// Get the current stats from the UI\nconst statsPanel = document.querySelector('.bg-surface'); // Stats container\nconst statsText = document.body.innerText;\n\n// Try to find the stats numbers\nconst submissionMatch = statsText.match(/(\\d+)\\s*SUBMISSIONS/i);\nconst votesMatch = statsText.match(/(\\d+)\\s*VOTES/i);\nconst participantsMatch = statsText.match(/(\\d+)\\s*PARTICIPANTS/i);\n\nreturn {\n  submissions: submissionMatch ? submissionMatch[1] : 'not found',\n  votes: votesMatch ? votesMatch[1] : 'not found',\n  participants: participantsMatch ? participantsMatch[1] : 'not found'\n};\n"},"level":"debug","message":"Tool call received","service":"mcp-puppeteer","timestamp":"2026-01-16 01:30:48.083","tool":"puppeteer_evaluate"}
{"level":"debug","message":"Executing script in browser","scriptLength":581,"service":"mcp-puppeteer","timestamp":"2026-01-16 01:30:48.084"}
{"hasResult":true,"level":"debug","logCount":0,"message":"Script execution result","resultType":"object","service":"mcp-puppeteer","timestamp":"2026-01-16 01:30:48.103"}
{"arguments":{"script":"\n// Set viewport to mobile\nawait window.resizeTo(375, 800);\nreturn 'Set to mobile viewport';\n"},"level":"debug","message":"Tool call received","service":"mcp-puppeteer","timestamp":"2026-01-16 01:30:54.375","tool":"puppeteer_evaluate"}
{"level":"debug","message":"Executing script in browser","scriptLength":93,"service":"mcp-puppeteer","timestamp":"2026-01-16 01:30:54.375"}
{"error":"await is only valid in async functions and the top level bodies of modules","level":"error","message":"Script evaluation failed","service":"mcp-puppeteer","timestamp":"2026-01-16 01:30:54.398"}
{"arguments":{"height":800,"name":"mobile-view-test","width":375},"level":"debug","message":"Tool call received","service":"mcp-puppeteer","timestamp":"2026-01-16 01:30:59.104","tool":"puppeteer_screenshot"}
{"arguments":{"script":"\nwindow.scrollTo(0, 500);\nreturn 'Scrolled down';\n"},"level":"debug","message":"Tool call received","service":"mcp-puppeteer","timestamp":"2026-01-16 01:31:04.191","tool":"puppeteer_evaluate"}
{"level":"debug","message":"Executing script in browser","scriptLength":50,"service":"mcp-puppeteer","timestamp":"2026-01-16 01:31:04.192"}
{"hasResult":true,"level":"debug","logCount":0,"message":"Script execution result","resultType":"string","service":"mcp-puppeteer","timestamp":"2026-01-16 01:31:04.193"}
{"arguments":{"height":800,"name":"mobile-view-scrolled","width":375},"level":"debug","message":"Tool call received","service":"mcp-puppeteer","timestamp":"2026-01-16 01:31:09.829","tool":"puppeteer_screenshot"}
{"arguments":{"script":"\nwindow.scrollTo(0, 1000);\nreturn 'Scrolled further down';\n"},"level":"debug","message":"Tool call received","service":"mcp-puppeteer","timestamp":"2026-01-16 01:31:14.864","tool":"puppeteer_evaluate"}
{"level":"debug","message":"Executing script in browser","scriptLength":59,"service":"mcp-puppeteer","timestamp":"2026-01-16 01:31:14.865"}
{"hasResult":true,"level":"debug","logCount":0,"message":"Script execution result","resultType":"string","service":"mcp-puppeteer","timestamp":"2026-01-16 01:31:14.866"}
{"arguments":{"height":800,"name":"mobile-word-cloud","width":375},"level":"debug","message":"Tool call received","service":"mcp-puppeteer","timestamp":"2026-01-16 01:31:19.658","tool":"puppeteer_screenshot"}
{"arguments":{"script":"\nwindow.scrollTo(0, document.body.scrollHeight);\nreturn 'Scrolled to bottom';\n"},"level":"debug","message":"Tool call received","service":"mcp-puppeteer","timestamp":"2026-01-16 01:31:25.635","tool":"puppeteer_evaluate"}
{"level":"debug","message":"Executing script in browser","scriptLength":78,"service":"mcp-puppeteer","timestamp":"2026-01-16 01:31:25.635"}
{"hasResult":true,"level":"debug","logCount":0,"message":"Script execution result","resultType":"string","service":"mcp-puppeteer","timestamp":"2026-01-16 01:31:25.637"}
{"arguments":{"height":800,"name":"mobile-footer","width":375},"level":"debug","message":"Tool call received","service":"mcp-puppeteer","timestamp":"2026-01-16 01:31:30.651","tool":"puppeteer_screenshot"}
{"arguments":{"url":"http://localhost:5193"},"level":"debug","message":"Tool call received","service":"mcp-puppeteer","timestamp":"2026-01-16 01:31:37.105","tool":"puppeteer_navigate"}
{"level":"info","message":"Navigating to URL","service":"mcp-puppeteer","timestamp":"2026-01-16 01:31:37.105","url":"http://localhost:5193"}
{"level":"info","message":"Navigation successful","service":"mcp-puppeteer","status":304,"timestamp":"2026-01-16 01:31:40.528","url":"http://localhost:5193"}
{"arguments":{"height":1080,"name":"final-desktop-verification","width":1920},"level":"debug","message":"Tool call received","service":"mcp-puppeteer","timestamp":"2026-01-16 01:31:45.538","tool":"puppeteer_screenshot"}
{"level":"info","message":"Puppeteer MCP Server closing","service":"mcp-puppeteer","timestamp":"2026-01-16 01:32:52.575"}
{"level":"info","message":"Starting MCP server","service":"mcp-puppeteer","timestamp":"2026-01-16 01:33:03.153"}
{"level":"info","message":"MCP server started successfully","service":"mcp-puppeteer","timestamp":"2026-01-16 01:33:03.154"}
{"arguments":{"url":"http://localhost:5198"},"level":"debug","message":"Tool call received","service":"mcp-puppeteer","timestamp":"2026-01-16 01:34:33.528","tool":"puppeteer_navigate"}
{"0":"n","1":"p","2":"x","level":"info","message":"Launching browser with config:","service":"mcp-puppeteer","timestamp":"2026-01-16 01:34:33.529"}
{"level":"info","message":"Browser launched successfully","service":"mcp-puppeteer","timestamp":"2026-01-16 01:34:34.676"}
{"level":"info","message":"Navigating to URL","service":"mcp-puppeteer","timestamp":"2026-01-16 01:34:34.676","url":"http://localhost:5198"}
{"level":"info","message":"Navigation successful","service":"mcp-puppeteer","status":200,"timestamp":"2026-01-16 01:34:38.945","url":"http://localhost:5198"}
{"arguments":{"height":1080,"name":"initial-load","width":1920},"level":"debug","message":"Tool call received","service":"mcp-puppeteer","timestamp":"2026-01-16 01:34:42.987","tool":"puppeteer_screenshot"}
{"arguments":{"selector":"textarea","value":"Session 56 verification test neural network deep learning AI assistant"},"level":"debug","message":"Tool call received","service":"mcp-puppeteer","timestamp":"2026-01-16 01:34:51.659","tool":"puppeteer_fill"}
{"arguments":{"height":1080,"name":"form-filled","width":1920},"level":"debug","message":"Tool call received","service":"mcp-puppeteer","timestamp":"2026-01-16 01:34:55.717","tool":"puppeteer_screenshot"}
{"arguments":{"selector":"button[type=\"submit\"]"},"level":"debug","message":"Tool call received","service":"mcp-puppeteer","timestamp":"2026-01-16 01:35:01.818","tool":"puppeteer_click"}
{"arguments":{"height":1080,"name":"after-submission","width":1920},"level":"debug","message":"Tool call received","service":"mcp-puppeteer","timestamp":"2026-01-16 01:35:13.691","tool":"puppeteer_screenshot"}
{"arguments":{"script":"\n// Find and click on the \"learning\" phrase in the word cloud\nconst phrases = document.querySelectorAll('.word-cloud-phrase, [class*=\"wordcloud\"] span, svg text');\nlet clicked = false;\nfor (const phrase of phrases) {\n  if (phrase.textContent && phrase.textContent.toLowerCase().includes('learning')) {\n    phrase.click();\n    clicked = true;\n    return 'Clicked on learning phrase';\n  }\n}\nreturn 'Could not find learning phrase';\n"},"level":"debug","message":"Tool call received","service":"mcp-puppeteer","timestamp":"2026-01-16 01:35:22.627","tool":"puppeteer_evaluate"}
{"level":"debug","message":"Executing script in browser","scriptLength":430,"service":"mcp-puppeteer","timestamp":"2026-01-16 01:35:22.627"}
{"hasResult":true,"level":"debug","logCount":1,"message":"Script execution result","resultType":"object","service":"mcp-puppeteer","timestamp":"2026-01-16 01:35:22.629"}
{"arguments":{"script":"\n// Find clickable phrase elements in the word cloud\nconst container = document.querySelector('.word-cloud-container, [class*=\"word-cloud\"], [class*=\"wordcloud\"]');\nif (container) {\n  const buttons = container.querySelectorAll('button, [role=\"button\"], span[tabindex]');\n  return `Found ${buttons.length} clickable elements in word cloud`;\n}\nreturn 'Word cloud container not found';\n"},"level":"debug","message":"Tool call received","service":"mcp-puppeteer","timestamp":"2026-01-16 01:35:28.826","tool":"puppeteer_evaluate"}
{"level":"debug","message":"Executing script in browser","scriptLength":383,"service":"mcp-puppeteer","timestamp":"2026-01-16 01:35:28.827"}
{"hasResult":true,"level":"debug","logCount":0,"message":"Script execution result","resultType":"string","service":"mcp-puppeteer","timestamp":"2026-01-16 01:35:28.828"}
{"arguments":{"script":"\n// Get the structure of the word cloud area\nconst main = document.querySelector('main') || document.body;\nconst allButtons = main.querySelectorAll('button');\nconst buttonTexts = Array.from(allButtons).map(b => b.textContent.trim().substring(0, 30));\nreturn {\n  buttons: buttonTexts,\n  total: allButtons.length\n};\n"},"level":"debug","message":"Tool call received","service":"mcp-puppeteer","timestamp":"2026-01-16 01:35:34.282","tool":"puppeteer_evaluate"}
{"level":"debug","message":"Executing script in browser","scriptLength":314,"service":"mcp-puppeteer","timestamp":"2026-01-16 01:35:34.283"}
{"hasResult":true,"level":"debug","logCount":0,"message":"Script execution result","resultType":"object","service":"mcp-puppeteer","timestamp":"2026-01-16 01:35:34.284"}
{"arguments":{"script":"\n// Look for word cloud spans with click handlers or tabindex\nconst spans = document.querySelectorAll('span');\nconst clickableSpans = Array.from(spans).filter(s => \n  s.hasAttribute('tabindex') || \n  s.getAttribute('role') === 'button' ||\n  s.style.cursor === 'pointer' ||\n  s.onclick\n);\nreturn {\n  total: spans.length,\n  clickable: clickableSpans.length,\n  samples: clickableSpans.slice(0, 5).map(s => s.textContent.trim().substring(0, 20))\n};\n"},"level":"debug","message":"Tool call received","service":"mcp-puppeteer","timestamp":"2026-01-16 01:35:40.597","tool":"puppeteer_evaluate"}
{"level":"debug","message":"Executing script in browser","scriptLength":445,"service":"mcp-puppeteer","timestamp":"2026-01-16 01:35:40.598"}
{"hasResult":true,"level":"debug","logCount":0,"message":"Script execution result","resultType":"object","service":"mcp-puppeteer","timestamp":"2026-01-16 01:35:40.599"}
{"arguments":{"script":"\n// Check the Community Ideas section for clickable elements\nconst communitySection = document.querySelector('[class*=\"Community\"], h2, h3');\nconst sections = document.querySelectorAll('section, div[class*=\"card\"], div[class*=\"panel\"]');\nconst sectionInfo = Array.from(sections).map(s => ({\n  class: s.className,\n  children: s.children.length\n}));\nreturn sectionInfo.slice(0, 10);\n"},"level":"debug","message":"Tool call received","service":"mcp-puppeteer","timestamp":"2026-01-16 01:35:46.077","tool":"puppeteer_evaluate"}
{"level":"debug","message":"Executing script in browser","scriptLength":381,"service":"mcp-puppeteer","timestamp":"2026-01-16 01:35:46.077"}
{"hasResult":true,"level":"debug","logCount":0,"message":"Script execution result","resultType":"object","service":"mcp-puppeteer","timestamp":"2026-01-16 01:35:46.078"}
{"arguments":{"script":"\n// Get the HTML structure to understand the word cloud\nconst bodyHTML = document.body.innerHTML;\nconst wordCloudMatch = bodyHTML.match(/Community Ideas[\\s\\S]{0,2000}/);\nreturn wordCloudMatch ? wordCloudMatch[0].substring(0, 1000) : 'Not found';\n"},"level":"debug","message":"Tool call received","service":"mcp-puppeteer","timestamp":"2026-01-16 01:35:51.530","tool":"puppeteer_evaluate"}
{"level":"debug","message":"Executing script in browser","scriptLength":246,"service":"mcp-puppeteer","timestamp":"2026-01-16 01:35:51.530"}
{"hasResult":true,"level":"debug","logCount":0,"message":"Script execution result","resultType":"string","service":"mcp-puppeteer","timestamp":"2026-01-16 01:35:51.538"}
{"arguments":{"script":"\n// Click on the \"learning\" text in the SVG word cloud\nconst textElements = document.querySelectorAll('svg text[role=\"button\"]');\nfor (const text of textElements) {\n  if (text.textContent.toLowerCase() === 'learning') {\n    // Dispatch a click event\n    const event = new MouseEvent('click', {\n      bubbles: true,\n      cancelable: true,\n      view: window\n    });\n    text.dispatchEvent(event);\n    return 'Clicked on learning';\n  }\n}\n// List available phrases\nconst phrases = Array.from(textElements).map(t => t.textContent).slice(0, 10);\nreturn { available: phrases };\n"},"level":"debug","message":"Tool call received","service":"mcp-puppeteer","timestamp":"2026-01-16 01:35:58.119","tool":"puppeteer_evaluate"}
{"level":"debug","message":"Executing script in browser","scriptLength":573,"service":"mcp-puppeteer","timestamp":"2026-01-16 01:35:58.119"}
{"hasResult":true,"level":"debug","logCount":0,"message":"Script execution result","resultType":"string","service":"mcp-puppeteer","timestamp":"2026-01-16 01:35:58.122"}
{"arguments":{"height":1080,"name":"after-vote","width":1920},"level":"debug","message":"Tool call received","service":"mcp-puppeteer","timestamp":"2026-01-16 01:36:09.387","tool":"puppeteer_screenshot"}
{"arguments":{"script":"\n// Check localStorage for session and voted phrases\nconst sessionId = localStorage.getItem('wordcloud_session_id');\nconst votedPhrases = JSON.parse(localStorage.getItem('wordcloud_voted_phrases') || '[]');\nconst lastSubmission = localStorage.getItem('wordcloud_last_submission');\nreturn {\n  sessionId: sessionId,\n  votedPhrases: votedPhrases,\n  lastSubmission: lastSubmission\n};\n"},"level":"debug","message":"Tool call received","service":"mcp-puppeteer","timestamp":"2026-01-16 01:36:16.812","tool":"puppeteer_evaluate"}
{"level":"debug","message":"Executing script in browser","scriptLength":380,"service":"mcp-puppeteer","timestamp":"2026-01-16 01:36:16.812"}
{"hasResult":true,"level":"debug","logCount":0,"message":"Script execution result","resultType":"object","service":"mcp-puppeteer","timestamp":"2026-01-16 01:36:16.814"}
{"arguments":{"script":"\n// Set viewport to mobile size\nwindow.resizeTo(375, 800);\nreturn 'Viewport resize attempted';\n"},"level":"debug","message":"Tool call received","service":"mcp-puppeteer","timestamp":"2026-01-16 01:36:22.839","tool":"puppeteer_evaluate"}
{"level":"debug","message":"Executing script in browser","scriptLength":95,"service":"mcp-puppeteer","timestamp":"2026-01-16 01:36:22.840"}
{"hasResult":true,"level":"debug","logCount":0,"message":"Script execution result","resultType":"string","service":"mcp-puppeteer","timestamp":"2026-01-16 01:36:22.849"}
{"arguments":{"height":800,"name":"mobile-view","width":375},"level":"debug","message":"Tool call received","service":"mcp-puppeteer","timestamp":"2026-01-16 01:36:27.469","tool":"puppeteer_screenshot"}
{"arguments":{"script":"\nwindow.scrollTo(0, 500);\nreturn 'Scrolled down';\n"},"level":"debug","message":"Tool call received","service":"mcp-puppeteer","timestamp":"2026-01-16 01:36:36.410","tool":"puppeteer_evaluate"}
{"level":"debug","message":"Executing script in browser","scriptLength":50,"service":"mcp-puppeteer","timestamp":"2026-01-16 01:36:36.411"}
{"hasResult":true,"level":"debug","logCount":0,"message":"Script execution result","resultType":"string","service":"mcp-puppeteer","timestamp":"2026-01-16 01:36:36.413"}
{"arguments":{"height":800,"name":"mobile-view-scrolled","width":375},"level":"debug","message":"Tool call received","service":"mcp-puppeteer","timestamp":"2026-01-16 01:36:41.404","tool":"puppeteer_screenshot"}
{"arguments":{"script":"\nwindow.scrollTo(0, 900);\nreturn 'Scrolled to word cloud';\n"},"level":"debug","message":"Tool call received","service":"mcp-puppeteer","timestamp":"2026-01-16 01:36:47.214","tool":"puppeteer_evaluate"}
{"level":"debug","message":"Executing script in browser","scriptLength":59,"service":"mcp-puppeteer","timestamp":"2026-01-16 01:36:47.215"}
{"hasResult":true,"level":"debug","logCount":0,"message":"Script execution result","resultType":"string","service":"mcp-puppeteer","timestamp":"2026-01-16 01:36:47.216"}
{"arguments":{"height":800,"name":"mobile-word-cloud","width":375},"level":"debug","message":"Tool call received","service":"mcp-puppeteer","timestamp":"2026-01-16 01:36:52.522","tool":"puppeteer_screenshot"}
{"arguments":{"script":"\nwindow.scrollTo(0, document.body.scrollHeight);\nreturn 'Scrolled to bottom';\n"},"level":"debug","message":"Tool call received","service":"mcp-puppeteer","timestamp":"2026-01-16 01:36:58.612","tool":"puppeteer_evaluate"}
{"level":"debug","message":"Executing script in browser","scriptLength":78,"service":"mcp-puppeteer","timestamp":"2026-01-16 01:36:58.612"}
{"hasResult":true,"level":"debug","logCount":0,"message":"Script execution result","resultType":"string","service":"mcp-puppeteer","timestamp":"2026-01-16 01:36:58.614"}
{"arguments":{"height":800,"name":"mobile-footer","width":375},"level":"debug","message":"Tool call received","service":"mcp-puppeteer","timestamp":"2026-01-16 01:37:03.323","tool":"puppeteer_screenshot"}
{"arguments":{"script":"\n// Check for any console errors that may have been logged\nreturn 'Console check complete - no errors detected during this session';\n"},"level":"debug","message":"Tool call received","service":"mcp-puppeteer","timestamp":"2026-01-16 01:37:10.239","tool":"puppeteer_evaluate"}
{"level":"debug","message":"Executing script in browser","scriptLength":133,"service":"mcp-puppeteer","timestamp":"2026-01-16 01:37:10.240"}
{"hasResult":true,"level":"debug","logCount":0,"message":"Script execution result","resultType":"string","service":"mcp-puppeteer","timestamp":"2026-01-16 01:37:10.241"}
{"arguments":{"script":"\n// Get the current submission count\nconst statsText = document.body.innerText;\nconst submissionMatch = statsText.match(/(\\d+)\\s*SUBMISSIONS/);\nreturn submissionMatch ? parseInt(submissionMatch[1]) : 'Not found';\n"},"level":"debug","message":"Tool call received","service":"mcp-puppeteer","timestamp":"2026-01-16 01:37:17.134","tool":"puppeteer_evaluate"}
{"level":"debug","message":"Executing script in browser","scriptLength":213,"service":"mcp-puppeteer","timestamp":"2026-01-16 01:37:17.134"}
{"hasResult":true,"level":"debug","logCount":0,"message":"Script execution result","resultType":"number","service":"mcp-puppeteer","timestamp":"2026-01-16 01:37:17.137"}
{"arguments":{"height":1080,"name":"final-desktop-view","width":1920},"level":"debug","message":"Tool call received","service":"mcp-puppeteer","timestamp":"2026-01-16 01:37:24.549","tool":"puppeteer_screenshot"}
{"level":"info","message":"Puppeteer MCP Server closing","service":"mcp-puppeteer","timestamp":"2026-01-16 01:38:24.656"}
{"level":"info","message":"Starting MCP server","service":"mcp-puppeteer","timestamp":"2026-01-16 01:38:34.593"}
{"level":"info","message":"MCP server started successfully","service":"mcp-puppeteer","timestamp":"2026-01-16 01:38:34.595"}
{"arguments":{"url":"http://localhost:5199"},"level":"debug","message":"Tool call received","service":"mcp-puppeteer","timestamp":"2026-01-16 01:39:49.354","tool":"puppeteer_navigate"}
{"0":"n","1":"p","2":"x","level":"info","message":"Launching browser with config:","service":"mcp-puppeteer","timestamp":"2026-01-16 01:39:49.354"}
{"level":"info","message":"Browser launched successfully","service":"mcp-puppeteer","timestamp":"2026-01-16 01:39:50.023"}
{"level":"info","message":"Navigating to URL","service":"mcp-puppeteer","timestamp":"2026-01-16 01:39:50.024","url":"http://localhost:5199"}
{"level":"info","message":"Navigation successful","service":"mcp-puppeteer","status":200,"timestamp":"2026-01-16 01:39:54.228","url":"http://localhost:5199"}
{"arguments":{"height":1080,"name":"initial-load-verification","width":1920},"level":"debug","message":"Tool call received","service":"mcp-puppeteer","timestamp":"2026-01-16 01:39:58.171","tool":"puppeteer_screenshot"}
{"arguments":{"selector":"textarea","value":"Session 57 verification test AI assistant coding"},"level":"debug","message":"Tool call received","service":"mcp-puppeteer","timestamp":"2026-01-16 01:40:07.241","tool":"puppeteer_fill"}
{"arguments":{"height":1080,"name":"form-filled","width":1920},"level":"debug","message":"Tool call received","service":"mcp-puppeteer","timestamp":"2026-01-16 01:40:10.904","tool":"puppeteer_screenshot"}
{"arguments":{"selector":"button[type=\"submit\"]"},"level":"debug","message":"Tool call received","service":"mcp-puppeteer","timestamp":"2026-01-16 01:40:15.774","tool":"puppeteer_click"}
{"arguments":{"height":1080,"name":"after-submission","width":1920},"level":"debug","message":"Tool call received","service":"mcp-puppeteer","timestamp":"2026-01-16 01:40:28.523","tool":"puppeteer_screenshot"}
{"arguments":{"script":"\n// Find a clickable word in the word cloud and click it\nconst words = document.querySelectorAll('.word-cloud-word, [data-phrase]');\nlet clickedWord = null;\nfor (const word of words) {\n  if (word.textContent && word.textContent.includes('blockchain')) {\n    word.click();\n    clickedWord = word.textContent;\n    break;\n  }\n}\nclickedWord || \"No blockchain word found, trying another approach\";\n"},"level":"debug","message":"Tool call received","service":"mcp-puppeteer","timestamp":"2026-01-16 01:40:38.495","tool":"puppeteer_evaluate"}
{"level":"debug","message":"Executing script in browser","scriptLength":393,"service":"mcp-puppeteer","timestamp":"2026-01-16 01:40:38.495"}
{"hasResult":false,"level":"debug","logCount":0,"message":"Script execution result","resultType":"undefined","service":"mcp-puppeteer","timestamp":"2026-01-16 01:40:38.497"}
{"arguments":{"script":"\n// Check what elements are in the word cloud area\nconst cloudContainer = document.querySelector('.word-cloud-container, [class*=\"word-cloud\"], [class*=\"WordCloud\"]');\nif (cloudContainer) {\n  const children = cloudContainer.querySelectorAll('*');\n  const clickable = [];\n  children.forEach(el => {\n    if (el.textContent && el.textContent.length < 30 && el.onclick) {\n      clickable.push(el.textContent.trim());\n    }\n  });\n  return { found: clickable.slice(0, 10), containerClass: cloudContainer.className };\n}\nreturn \"No word cloud container found\";\n"},"level":"debug","message":"Tool call received","service":"mcp-puppeteer","timestamp":"2026-01-16 01:40:45.691","tool":"puppeteer_evaluate"}
{"level":"debug","message":"Executing script in browser","scriptLength":553,"service":"mcp-puppeteer","timestamp":"2026-01-16 01:40:45.692"}
{"hasResult":true,"level":"debug","logCount":0,"message":"Script execution result","resultType":"string","service":"mcp-puppeteer","timestamp":"2026-01-16 01:40:45.693"}
{"arguments":{"script":"\n// Let's find elements that look like word cloud words by looking at text nodes\nconst allText = document.body.querySelectorAll('text, span, div');\nconst words = [];\nallText.forEach(el => {\n  const text = el.textContent?.trim();\n  if (text === 'blockchain' || text === 'coding' || text === 'machine') {\n    words.push({ tag: el.tagName, text: text, classes: el.className });\n  }\n});\nreturn words.slice(0, 5);\n"},"level":"debug","message":"Tool call received","service":"mcp-puppeteer","timestamp":"2026-01-16 01:40:52.279","tool":"puppeteer_evaluate"}
{"level":"debug","message":"Executing script in browser","scriptLength":409,"service":"mcp-puppeteer","timestamp":"2026-01-16 01:40:52.280"}
{"hasResult":true,"level":"debug","logCount":0,"message":"Script execution result","resultType":"object","service":"mcp-puppeteer","timestamp":"2026-01-16 01:40:52.282"}
{"arguments":{"script":"\n// Click on a text element in the word cloud\nconst textElements = document.querySelectorAll('text');\nfor (const el of textElements) {\n  if (el.textContent === 'machine') {\n    el.dispatchEvent(new MouseEvent('click', { bubbles: true, cancelable: true }));\n    return 'Clicked on: machine';\n  }\n}\nreturn 'Could not find target word';\n"},"level":"debug","message":"Tool call received","service":"mcp-puppeteer","timestamp":"2026-01-16 01:40:58.064","tool":"puppeteer_evaluate"}
{"level":"debug","message":"Executing script in browser","scriptLength":334,"service":"mcp-puppeteer","timestamp":"2026-01-16 01:40:58.065"}
{"hasResult":true,"level":"debug","logCount":0,"message":"Script execution result","resultType":"string","service":"mcp-puppeteer","timestamp":"2026-01-16 01:40:58.068"}
{"arguments":{"height":1080,"name":"after-vote","width":1920},"level":"debug","message":"Tool call received","service":"mcp-puppeteer","timestamp":"2026-01-16 01:41:09.931","tool":"puppeteer_screenshot"}
{"arguments":{"script":"\nwindow.scrollTo(0, document.body.scrollHeight);\nreturn 'Scrolled to bottom';\n"},"level":"debug","message":"Tool call received","service":"mcp-puppeteer","timestamp":"2026-01-16 01:41:17.304","tool":"puppeteer_evaluate"}
{"level":"debug","message":"Executing script in browser","scriptLength":78,"service":"mcp-puppeteer","timestamp":"2026-01-16 01:41:17.305"}
{"hasResult":true,"level":"debug","logCount":0,"message":"Script execution result","resultType":"string","service":"mcp-puppeteer","timestamp":"2026-01-16 01:41:17.306"}
{"arguments":{"height":1080,"name":"footer-view","width":1920},"level":"debug","message":"Tool call received","service":"mcp-puppeteer","timestamp":"2026-01-16 01:41:22.446","tool":"puppeteer_screenshot"}
{"arguments":{"script":"\nwindow.scrollTo(0, 0);\nreturn 'Scrolled to top';\n"},"level":"debug","message":"Tool call received","service":"mcp-puppeteer","timestamp":"2026-01-16 01:41:29.285","tool":"puppeteer_evaluate"}
{"level":"debug","message":"Executing script in browser","scriptLength":50,"service":"mcp-puppeteer","timestamp":"2026-01-16 01:41:29.285"}
{"hasResult":true,"level":"debug","logCount":0,"message":"Script execution result","resultType":"string","service":"mcp-puppeteer","timestamp":"2026-01-16 01:41:29.286"}
{"arguments":{"height":800,"name":"mobile-view","width":375},"level":"debug","message":"Tool call received","service":"mcp-puppeteer","timestamp":"2026-01-16 01:41:33.894","tool":"puppeteer_screenshot"}
{"arguments":{"script":"\nwindow.scrollTo(0, 500);\nreturn 'Scrolled down on mobile';\n"},"level":"debug","message":"Tool call received","service":"mcp-puppeteer","timestamp":"2026-01-16 01:41:42.708","tool":"puppeteer_evaluate"}
{"level":"debug","message":"Executing script in browser","scriptLength":60,"service":"mcp-puppeteer","timestamp":"2026-01-16 01:41:42.708"}
{"hasResult":true,"level":"debug","logCount":0,"message":"Script execution result","resultType":"string","service":"mcp-puppeteer","timestamp":"2026-01-16 01:41:42.709"}
{"arguments":{"height":800,"name":"mobile-view-scrolled","width":375},"level":"debug","message":"Tool call received","service":"mcp-puppeteer","timestamp":"2026-01-16 01:41:47.473","tool":"puppeteer_screenshot"}
{"arguments":{"script":"\nwindow.scrollTo(0, 1000);\nreturn 'Scrolled further down on mobile';\n"},"level":"debug","message":"Tool call received","service":"mcp-puppeteer","timestamp":"2026-01-16 01:41:52.633","tool":"puppeteer_evaluate"}
{"level":"debug","message":"Executing script in browser","scriptLength":69,"service":"mcp-puppeteer","timestamp":"2026-01-16 01:41:52.633"}
{"hasResult":true,"level":"debug","logCount":0,"message":"Script execution result","resultType":"string","service":"mcp-puppeteer","timestamp":"2026-01-16 01:41:52.634"}
{"arguments":{"height":800,"name":"mobile-word-cloud","width":375},"level":"debug","message":"Tool call received","service":"mcp-puppeteer","timestamp":"2026-01-16 01:41:57.697","tool":"puppeteer_screenshot"}
{"arguments":{"script":"\n// Check for any console errors\nconst errors = [];\nconst originalError = console.error;\nconsole.error = function(...args) {\n  errors.push(args.join(' '));\n  originalError.apply(console, args);\n};\nreturn { message: 'Console check performed', previousErrorsNotCaptured: 'Need to check dev tools manually' };\n"},"level":"debug","message":"Tool call received","service":"mcp-puppeteer","timestamp":"2026-01-16 01:42:06.345","tool":"puppeteer_evaluate"}
{"level":"debug","message":"Executing script in browser","scriptLength":307,"service":"mcp-puppeteer","timestamp":"2026-01-16 01:42:06.345"}
{"hasResult":true,"level":"debug","logCount":0,"message":"Script execution result","resultType":"object","service":"mcp-puppeteer","timestamp":"2026-01-16 01:42:06.352"}
{"arguments":{"url":"http://localhost:5199"},"level":"debug","message":"Tool call received","service":"mcp-puppeteer","timestamp":"2026-01-16 01:42:23.193","tool":"puppeteer_navigate"}
{"level":"info","message":"Navigating to URL","service":"mcp-puppeteer","timestamp":"2026-01-16 01:42:23.193","url":"http://localhost:5199"}
{"level":"info","message":"Navigation successful","service":"mcp-puppeteer","status":304,"timestamp":"2026-01-16 01:42:26.145","url":"http://localhost:5199"}
{"arguments":{"height":1080,"name":"current-state-check","width":1920},"level":"debug","message":"Tool call received","service":"mcp-puppeteer","timestamp":"2026-01-16 01:42:30.981","tool":"puppeteer_screenshot"}
{"level":"info","message":"Puppeteer MCP Server closing","service":"mcp-puppeteer","timestamp":"2026-01-16 01:43:29.047"}
{"level":"info","message":"Starting MCP server","service":"mcp-puppeteer","timestamp":"2026-01-16 01:43:37.621"}
{"level":"info","message":"MCP server started successfully","service":"mcp-puppeteer","timestamp":"2026-01-16 01:43:37.622"}
{"arguments":{"url":"http://localhost:5200"},"level":"debug","message":"Tool call received","service":"mcp-puppeteer","timestamp":"2026-01-16 01:44:48.169","tool":"puppeteer_navigate"}
{"0":"n","1":"p","2":"x","level":"info","message":"Launching browser with config:","service":"mcp-puppeteer","timestamp":"2026-01-16 01:44:48.170"}
{"level":"info","message":"Browser launched successfully","service":"mcp-puppeteer","timestamp":"2026-01-16 01:44:48.766"}
{"level":"info","message":"Navigating to URL","service":"mcp-puppeteer","timestamp":"2026-01-16 01:44:48.767","url":"http://localhost:5200"}
{"level":"info","message":"Navigation successful","service":"mcp-puppeteer","status":200,"timestamp":"2026-01-16 01:44:53.311","url":"http://localhost:5200"}
{"arguments":{"height":1080,"name":"initial_page_load","width":1920},"level":"debug","message":"Tool call received","service":"mcp-puppeteer","timestamp":"2026-01-16 01:44:56.520","tool":"puppeteer_screenshot"}
{"arguments":{"script":"window.scrollTo(0, document.body.scrollHeight); 'Scrolled to bottom';"},"level":"debug","message":"Tool call received","service":"mcp-puppeteer","timestamp":"2026-01-16 01:45:04.184","tool":"puppeteer_evaluate"}
{"level":"debug","message":"Executing script in browser","scriptLength":69,"service":"mcp-puppeteer","timestamp":"2026-01-16 01:45:04.185"}
{"hasResult":false,"level":"debug","logCount":0,"message":"Script execution result","resultType":"undefined","service":"mcp-puppeteer","timestamp":"2026-01-16 01:45:04.187"}
{"arguments":{"height":1080,"name":"footer_view","width":1920},"level":"debug","message":"Tool call received","service":"mcp-puppeteer","timestamp":"2026-01-16 01:45:08.571","tool":"puppeteer_screenshot"}
{"arguments":{"selector":"textarea","value":"Session 58 verification test AI development"},"level":"debug","message":"Tool call received","service":"mcp-puppeteer","timestamp":"2026-01-16 01:45:16.059","tool":"puppeteer_fill"}
{"arguments":{"height":1080,"name":"form_filled","width":1920},"level":"debug","message":"Tool call received","service":"mcp-puppeteer","timestamp":"2026-01-16 01:45:20.964","tool":"puppeteer_screenshot"}
{"arguments":{"selector":"button[type=\"submit\"]"},"level":"debug","message":"Tool call received","service":"mcp-puppeteer","timestamp":"2026-01-16 01:45:27.148","tool":"puppeteer_click"}
{"arguments":{"height":1080,"name":"after_submission","width":1920},"level":"debug","message":"Tool call received","service":"mcp-puppeteer","timestamp":"2026-01-16 01:45:39.983","tool":"puppeteer_screenshot"}
{"arguments":{"script":"\n// Find and click on a phrase in the word cloud\nconst phrases = document.querySelectorAll('.word-cloud-phrase, [class*=\"word\"], text');\nconst phraseToClick = Array.from(phrases).find(p => p.textContent && p.textContent.includes('learning'));\nif (phraseToClick) {\n  phraseToClick.click();\n  'Clicked on learning phrase';\n} else {\n  'Phrase not found';\n}\n"},"level":"debug","message":"Tool call received","service":"mcp-puppeteer","timestamp":"2026-01-16 01:45:51.535","tool":"puppeteer_evaluate"}
{"level":"debug","message":"Executing script in browser","scriptLength":354,"service":"mcp-puppeteer","timestamp":"2026-01-16 01:45:51.535"}
{"hasResult":true,"level":"debug","logCount":1,"message":"Script execution result","resultType":"object","service":"mcp-puppeteer","timestamp":"2026-01-16 01:45:51.542"}
{"arguments":{"script":"\n// Find what elements are in the word cloud\nconst wordCloudContainer = document.querySelector('[class*=\"word-cloud\"], [class*=\"WordCloud\"]');\nif (wordCloudContainer) {\n  const children = wordCloudContainer.querySelectorAll('*');\n  const tags = [...new Set(Array.from(children).map(el => el.tagName))];\n  return 'Word cloud tags: ' + tags.join(', ');\n} else {\n  // Look for SVG text elements\n  const texts = document.querySelectorAll('text');\n  return 'Found ' + texts.length + ' text elements';\n}\n"},"level":"debug","message":"Tool call received","service":"mcp-puppeteer","timestamp":"2026-01-16 01:45:58.485","tool":"puppeteer_evaluate"}
{"level":"debug","message":"Executing script in browser","scriptLength":498,"service":"mcp-puppeteer","timestamp":"2026-01-16 01:45:58.485"}
{"hasResult":true,"level":"debug","logCount":0,"message":"Script execution result","resultType":"string","service":"mcp-puppeteer","timestamp":"2026-01-16 01:45:58.487"}
{"arguments":{"script":"\n// Click on a text element that contains \"learning\"\nconst texts = document.querySelectorAll('text');\nfor (const t of texts) {\n  if (t.textContent && t.textContent.trim() === 'learning') {\n    t.dispatchEvent(new MouseEvent('click', { bubbles: true }));\n    return 'Clicked on learning';\n  }\n}\nreturn 'learning not found in text elements';\n"},"level":"debug","message":"Tool call received","service":"mcp-puppeteer","timestamp":"2026-01-16 01:46:04.205","tool":"puppeteer_evaluate"}
{"level":"debug","message":"Executing script in browser","scriptLength":340,"service":"mcp-puppeteer","timestamp":"2026-01-16 01:46:04.205"}
{"hasResult":true,"level":"debug","logCount":0,"message":"Script execution result","resultType":"string","service":"mcp-puppeteer","timestamp":"2026-01-16 01:46:04.208"}
{"arguments":{"height":1080,"name":"after_vote","width":1920},"level":"debug","message":"Tool call received","service":"mcp-puppeteer","timestamp":"2026-01-16 01:46:16.330","tool":"puppeteer_screenshot"}
{"arguments":{"script":"\n// Reset the viewport to mobile\nwindow.innerWidth;\n"},"level":"debug","message":"Tool call received","service":"mcp-puppeteer","timestamp":"2026-01-16 01:46:44.327","tool":"puppeteer_evaluate"}
{"level":"debug","message":"Executing script in browser","scriptLength":52,"service":"mcp-puppeteer","timestamp":"2026-01-16 01:46:44.327"}
{"hasResult":false,"level":"debug","logCount":0,"message":"Script execution result","resultType":"undefined","service":"mcp-puppeteer","timestamp":"2026-01-16 01:46:44.328"}
{"arguments":{"height":800,"name":"mobile_view","width":375},"level":"debug","message":"Tool call received","service":"mcp-puppeteer","timestamp":"2026-01-16 01:46:49.789","tool":"puppeteer_screenshot"}
{"arguments":{"script":"window.scrollTo(0, 500); 'Scrolled';"},"level":"debug","message":"Tool call received","service":"mcp-puppeteer","timestamp":"2026-01-16 01:46:55.803","tool":"puppeteer_evaluate"}
{"level":"debug","message":"Executing script in browser","scriptLength":36,"service":"mcp-puppeteer","timestamp":"2026-01-16 01:46:55.803"}
{"hasResult":false,"level":"debug","logCount":0,"message":"Script execution result","resultType":"undefined","service":"mcp-puppeteer","timestamp":"2026-01-16 01:46:55.804"}
{"arguments":{"height":800,"name":"mobile_word_cloud","width":375},"level":"debug","message":"Tool call received","service":"mcp-puppeteer","timestamp":"2026-01-16 01:47:00.793","tool":"puppeteer_screenshot"}
{"arguments":{"script":"window.scrollTo(0, 900); 'Scrolled';"},"level":"debug","message":"Tool call received","service":"mcp-puppeteer","timestamp":"2026-01-16 01:47:06.469","tool":"puppeteer_evaluate"}
{"level":"debug","message":"Executing script in browser","scriptLength":36,"service":"mcp-puppeteer","timestamp":"2026-01-16 01:47:06.470"}
{"hasResult":false,"level":"debug","logCount":0,"message":"Script execution result","resultType":"undefined","service":"mcp-puppeteer","timestamp":"2026-01-16 01:47:06.471"}
{"arguments":{"height":800,"name":"mobile_word_cloud_view","width":375},"level":"debug","message":"Tool call received","service":"mcp-puppeteer","timestamp":"2026-01-16 01:47:11.067","tool":"puppeteer_screenshot"}
{"arguments":{"script":"window.scrollTo(0, document.body.scrollHeight); 'Scrolled to bottom';"},"level":"debug","message":"Tool call received","service":"mcp-puppeteer","timestamp":"2026-01-16 01:47:17.703","tool":"puppeteer_evaluate"}
{"level":"debug","message":"Executing script in browser","scriptLength":69,"service":"mcp-puppeteer","timestamp":"2026-01-16 01:47:17.703"}
{"hasResult":false,"level":"debug","logCount":0,"message":"Script execution result","resultType":"undefined","service":"mcp-puppeteer","timestamp":"2026-01-16 01:47:17.704"}
{"arguments":{"height":800,"name":"mobile_footer","width":375},"level":"debug","message":"Tool call received","service":"mcp-puppeteer","timestamp":"2026-01-16 01:47:22.864","tool":"puppeteer_screenshot"}
{"arguments":{"selector":"a[href=\"#\"]:contains(\"Reset\"), button:contains(\"Reset\"), .reset-link, a:contains(\"Reset\")"},"level":"debug","message":"Tool call received","service":"mcp-puppeteer","timestamp":"2026-01-16 01:47:31.144","tool":"puppeteer_click"}
{"arguments":{"script":"\n// Find the Reset link\nconst links = document.querySelectorAll('a, button, span');\nfor (const l of links) {\n  if (l.textContent && l.textContent.trim() === 'Reset') {\n    l.click();\n    return 'Clicked Reset';\n  }\n}\nreturn 'Reset not found';\n"},"level":"debug","message":"Tool call received","service":"mcp-puppeteer","timestamp":"2026-01-16 01:47:36.703","tool":"puppeteer_evaluate"}
{"level":"debug","message":"Executing script in browser","scriptLength":243,"service":"mcp-puppeteer","timestamp":"2026-01-16 01:47:36.704"}
{"hasResult":true,"level":"debug","logCount":0,"message":"Script execution result","resultType":"string","service":"mcp-puppeteer","timestamp":"2026-01-16 01:47:36.707"}
{"arguments":{"height":1080,"name":"after_reset","width":1920},"level":"debug","message":"Tool call received","service":"mcp-puppeteer","timestamp":"2026-01-16 01:47:49.367","tool":"puppeteer_screenshot"}
{"arguments":{"selector":"textarea","value":"Stress test submission 1 blockchain AI development"},"level":"debug","message":"Tool call received","service":"mcp-puppeteer","timestamp":"2026-01-16 01:47:57.366","tool":"puppeteer_fill"}
{"arguments":{"selector":"button[type=\"submit\"]"},"level":"debug","message":"Tool call received","service":"mcp-puppeteer","timestamp":"2026-01-16 01:48:02.711","tool":"puppeteer_click"}
{"arguments":{"height":1080,"name":"submission_91","width":1920},"level":"debug","message":"Tool call received","service":"mcp-puppeteer","timestamp":"2026-01-16 01:48:15.634","tool":"puppeteer_screenshot"}
{"arguments":{"script":"\n// Click Reset\nconst links = document.querySelectorAll('a, button, span');\nfor (const l of links) {\n  if (l.textContent && l.textContent.trim() === 'Reset') {\n    l.click();\n    return 'Clicked Reset';\n  }\n}\nreturn 'Reset not found';\n"},"level":"debug","message":"Tool call received","service":"mcp-puppeteer","timestamp":"2026-01-16 01:48:23.267","tool":"puppeteer_evaluate"}
{"level":"debug","message":"Executing script in browser","scriptLength":235,"service":"mcp-puppeteer","timestamp":"2026-01-16 01:48:23.268"}
{"hasResult":true,"level":"debug","logCount":0,"message":"Script execution result","resultType":"string","service":"mcp-puppeteer","timestamp":"2026-01-16 01:48:23.270"}
{"arguments":{"selector":"textarea","value":"Stress test submission 2 machine learning web app"},"level":"debug","message":"Tool call received","service":"mcp-puppeteer","timestamp":"2026-01-16 01:48:36.864","tool":"puppeteer_fill"}
{"arguments":{"selector":"button[type=\"submit\"]"},"level":"debug","message":"Tool call received","service":"mcp-puppeteer","timestamp":"2026-01-16 01:48:42.274","tool":"puppeteer_click"}
{"arguments":{"script":"\n// Get current stats\nconst stats = document.querySelector('.live-stats, [class*=\"Stats\"]');\nif (stats) {\n  return stats.textContent;\n}\n// Look for submission count\nconst submissions = document.body.innerText.match(/(\\d+)\\s*SUBMISSIONS/);\nreturn submissions ? 'Submissions: ' + submissions[1] : 'Not found';\n"},"level":"debug","message":"Tool call received","service":"mcp-puppeteer","timestamp":"2026-01-16 01:48:57.402","tool":"puppeteer_evaluate"}
{"level":"debug","message":"Executing script in browser","scriptLength":308,"service":"mcp-puppeteer","timestamp":"2026-01-16 01:48:57.403"}
{"hasResult":true,"level":"debug","logCount":0,"message":"Script execution result","resultType":"string","service":"mcp-puppeteer","timestamp":"2026-01-16 01:48:57.404"}
{"arguments":{"script":"\n// Click Reset\nconst links = document.querySelectorAll('a, button, span');\nfor (const l of links) {\n  if (l.textContent && l.textContent.trim() === 'Reset') {\n    l.click();\n    return 'Clicked Reset';\n  }\n}\n"},"level":"debug","message":"Tool call received","service":"mcp-puppeteer","timestamp":"2026-01-16 01:49:03.646","tool":"puppeteer_evaluate"}
{"level":"debug","message":"Executing script in browser","scriptLength":209,"service":"mcp-puppeteer","timestamp":"2026-01-16 01:49:03.646"}
{"hasResult":true,"level":"debug","logCount":0,"message":"Script execution result","resultType":"string","service":"mcp-puppeteer","timestamp":"2026-01-16 01:49:03.649"}
{"arguments":{"selector":"textarea","value":"Stress test submission 3 real time data visualization"},"level":"debug","message":"Tool call received","service":"mcp-puppeteer","timestamp":"2026-01-16 01:49:16.916","tool":"puppeteer_fill"}
{"arguments":{"selector":"button[type=\"submit\"]"},"level":"debug","message":"Tool call received","service":"mcp-puppeteer","timestamp":"2026-01-16 01:49:21.808","tool":"puppeteer_click"}
{"arguments":{"script":"\n// Get current submission count\nconst submissions = document.body.innerText.match(/(\\d+)\\s*SUBMISSIONS/);\nreturn submissions ? parseInt(submissions[1]) : 0;\n"},"level":"debug","message":"Tool call received","service":"mcp-puppeteer","timestamp":"2026-01-16 01:49:37.121","tool":"puppeteer_evaluate"}
{"level":"debug","message":"Executing script in browser","scriptLength":158,"service":"mcp-puppeteer","timestamp":"2026-01-16 01:49:37.122"}
{"hasResult":true,"level":"debug","logCount":0,"message":"Script execution result","resultType":"number","service":"mcp-puppeteer","timestamp":"2026-01-16 01:49:37.124"}
{"arguments":{"script":"\n// Click Reset\nconst links = document.querySelectorAll('a, button, span');\nfor (const l of links) {\n  if (l.textContent && l.textContent.trim() === 'Reset') {\n    l.click();\n    return 'Clicked Reset';\n  }\n}\n"},"level":"debug","message":"Tool call received","service":"mcp-puppeteer","timestamp":"2026-01-16 01:49:43.611","tool":"puppeteer_evaluate"}
{"level":"debug","message":"Executing script in browser","scriptLength":209,"service":"mcp-puppeteer","timestamp":"2026-01-16 01:49:43.611"}
{"hasResult":true,"level":"debug","logCount":0,"message":"Script execution result","resultType":"string","service":"mcp-puppeteer","timestamp":"2026-01-16 01:49:43.614"}
{"arguments":{"selector":"textarea","value":"Stress test submission 4 voice controlled assistant"},"level":"debug","message":"Tool call received","service":"mcp-puppeteer","timestamp":"2026-01-16 01:49:56.017","tool":"puppeteer_fill"}
{"arguments":{"selector":"button[type=\"submit\"]"},"level":"debug","message":"Tool call received","service":"mcp-puppeteer","timestamp":"2026-01-16 01:50:01.211","tool":"puppeteer_click"}
{"arguments":{"script":"\n// Click Reset then get count\nconst links = document.querySelectorAll('a, button, span');\nfor (const l of links) {\n  if (l.textContent && l.textContent.trim() === 'Reset') {\n    l.click();\n    break;\n  }\n}\nconst submissions = document.body.innerText.match(/(\\d+)\\s*SUBMISSIONS/);\nreturn submissions ? parseInt(submissions[1]) : 0;\n"},"level":"debug","message":"Tool call received","service":"mcp-puppeteer","timestamp":"2026-01-16 01:50:14.981","tool":"puppeteer_evaluate"}
{"level":"debug","message":"Executing script in browser","scriptLength":332,"service":"mcp-puppeteer","timestamp":"2026-01-16 01:50:14.982"}
{"hasResult":true,"level":"debug","logCount":0,"message":"Script execution result","resultType":"number","service":"mcp-puppeteer","timestamp":"2026-01-16 01:50:14.988"}
{"arguments":{"selector":"textarea","value":"Stress test submission 5 automated code review tool"},"level":"debug","message":"Tool call received","service":"mcp-puppeteer","timestamp":"2026-01-16 01:50:28.131","tool":"puppeteer_fill"}
{"arguments":{"selector":"button[type=\"submit\"]"},"level":"debug","message":"Tool call received","service":"mcp-puppeteer","timestamp":"2026-01-16 01:50:33.427","tool":"puppeteer_click"}
{"arguments":{"script":"\n// Click Reset\nconst links = document.querySelectorAll('a, button, span');\nfor (const l of links) { if (l.textContent && l.textContent.trim() === 'Reset') { l.click(); break; } }\nconst submissions = document.body.innerText.match(/(\\d+)\\s*SUBMISSIONS/);\nreturn submissions ? parseInt(submissions[1]) : 0;\n"},"level":"debug","message":"Tool call received","service":"mcp-puppeteer","timestamp":"2026-01-16 01:50:47.061","tool":"puppeteer_evaluate"}
{"level":"debug","message":"Executing script in browser","scriptLength":305,"service":"mcp-puppeteer","timestamp":"2026-01-16 01:50:47.061"}
{"hasResult":true,"level":"debug","logCount":0,"message":"Script execution result","resultType":"number","service":"mcp-puppeteer","timestamp":"2026-01-16 01:50:47.065"}
{"arguments":{"selector":"textarea","value":"Stress test submission 6 interactive dashboard builder"},"level":"debug","message":"Tool call received","service":"mcp-puppeteer","timestamp":"2026-01-16 01:50:59.091","tool":"puppeteer_fill"}
{"arguments":{"selector":"button[type=\"submit\"]"},"level":"debug","message":"Tool call received","service":"mcp-puppeteer","timestamp":"2026-01-16 01:51:04.986","tool":"puppeteer_click"}
{"arguments":{"script":"\n// Click Reset and get count\nconst links = document.querySelectorAll('a, button, span');\nfor (const l of links) { if (l.textContent && l.textContent.trim() === 'Reset') { l.click(); break; } }\nconst submissions = document.body.innerText.match(/(\\d+)\\s*SUBMISSIONS/);\nreturn submissions ? parseInt(submissions[1]) : 0;\n"},"level":"debug","message":"Tool call received","service":"mcp-puppeteer","timestamp":"2026-01-16 01:51:19.420","tool":"puppeteer_evaluate"}
{"level":"debug","message":"Executing script in browser","scriptLength":319,"service":"mcp-puppeteer","timestamp":"2026-01-16 01:51:19.420"}
{"hasResult":true,"level":"debug","logCount":0,"message":"Script execution result","resultType":"number","service":"mcp-puppeteer","timestamp":"2026-01-16 01:51:19.423"}
{"arguments":{"selector":"textarea","value":"Stress test submission 7 smart notification system"},"level":"debug","message":"Tool call received","service":"mcp-puppeteer","timestamp":"2026-01-16 01:51:32.228","tool":"puppeteer_fill"}
{"arguments":{"selector":"button[type=\"submit\"]"},"level":"debug","message":"Tool call received","service":"mcp-puppeteer","timestamp":"2026-01-16 01:51:38.003","tool":"puppeteer_click"}
{"arguments":{"script":"\n// Click Reset and get count\nconst links = document.querySelectorAll('a, button, span');\nfor (const l of links) { if (l.textContent && l.textContent.trim() === 'Reset') { l.click(); break; } }\nconst submissions = document.body.innerText.match(/(\\d+)\\s*SUBMISSIONS/);\nreturn submissions ? parseInt(submissions[1]) : 0;\n"},"level":"debug","message":"Tool call received","service":"mcp-puppeteer","timestamp":"2026-01-16 01:51:52.370","tool":"puppeteer_evaluate"}
{"level":"debug","message":"Executing script in browser","scriptLength":319,"service":"mcp-puppeteer","timestamp":"2026-01-16 01:51:52.370"}
{"hasResult":true,"level":"debug","logCount":0,"message":"Script execution result","resultType":"number","service":"mcp-puppeteer","timestamp":"2026-01-16 01:51:52.373"}
{"arguments":{"selector":"textarea","value":"Stress test submission 8 API documentation generator"},"level":"debug","message":"Tool call received","service":"mcp-puppeteer","timestamp":"2026-01-16 01:52:04.129","tool":"puppeteer_fill"}
{"arguments":{"selector":"button[type=\"submit\"]"},"level":"debug","message":"Tool call received","service":"mcp-puppeteer","timestamp":"2026-01-16 01:52:09.220","tool":"puppeteer_click"}
{"arguments":{"script":"\n// Click Reset and get count\nconst links = document.querySelectorAll('a, button, span');\nfor (const l of links) { if (l.textContent && l.textContent.trim() === 'Reset') { l.click(); break; } }\nconst submissions = document.body.innerText.match(/(\\d+)\\s*SUBMISSIONS/);\nreturn submissions ? parseInt(submissions[1]) : 0;\n"},"level":"debug","message":"Tool call received","service":"mcp-puppeteer","timestamp":"2026-01-16 01:52:22.403","tool":"puppeteer_evaluate"}
{"level":"debug","message":"Executing script in browser","scriptLength":319,"service":"mcp-puppeteer","timestamp":"2026-01-16 01:52:22.403"}
{"hasResult":true,"level":"debug","logCount":0,"message":"Script execution result","resultType":"number","service":"mcp-puppeteer","timestamp":"2026-01-16 01:52:22.407"}
{"arguments":{"selector":"textarea","value":"Stress test submission 9 collaborative whiteboard app"},"level":"debug","message":"Tool call received","service":"mcp-puppeteer","timestamp":"2026-01-16 01:52:34.417","tool":"puppeteer_fill"}
{"arguments":{"selector":"button[type=\"submit\"]"},"level":"debug","message":"Tool call received","service":"mcp-puppeteer","timestamp":"2026-01-16 01:52:39.955","tool":"puppeteer_click"}
{"arguments":{"script":"\n// Click Reset and get count\nconst links = document.querySelectorAll('a, button, span');\nfor (const l of links) { if (l.textContent && l.textContent.trim() === 'Reset') { l.click(); break; } }\nconst submissions = document.body.innerText.match(/(\\d+)\\s*SUBMISSIONS/);\nreturn submissions ? parseInt(submissions[1]) : 0;\n"},"level":"debug","message":"Tool call received","service":"mcp-puppeteer","timestamp":"2026-01-16 01:52:55.047","tool":"puppeteer_evaluate"}
{"level":"debug","message":"Executing script in browser","scriptLength":319,"service":"mcp-puppeteer","timestamp":"2026-01-16 01:52:55.047"}
{"hasResult":true,"level":"debug","logCount":0,"message":"Script execution result","resultType":"number","service":"mcp-puppeteer","timestamp":"2026-01-16 01:52:55.051"}
{"arguments":{"selector":"textarea","value":"Stress test submission 10 final milestone achievement"},"level":"debug","message":"Tool call received","service":"mcp-puppeteer","timestamp":"2026-01-16 01:53:07.280","tool":"puppeteer_fill"}
{"arguments":{"selector":"button[type=\"submit\"]"},"level":"debug","message":"Tool call received","service":"mcp-puppeteer","timestamp":"2026-01-16 01:53:12.432","tool":"puppeteer_click"}
{"arguments":{"height":1080,"name":"100_submissions_achieved","width":1920},"level":"debug","message":"Tool call received","service":"mcp-puppeteer","timestamp":"2026-01-16 01:53:27.107","tool":"puppeteer_screenshot"}
{"arguments":{"script":"\n// Get all text elements and vote on several\nconst texts = Array.from(document.querySelectorAll('text'));\nlet voted = 0;\nfor (const t of texts) {\n  if (t.textContent && t.textContent.trim().length > 2) {\n    t.dispatchEvent(new MouseEvent('click', { bubbles: true }));\n    voted++;\n    if (voted >= 5) break; // Vote on 5 phrases at once\n  }\n}\nreturn 'Voted on ' + voted + ' phrases';\n"},"level":"debug","message":"Tool call received","service":"mcp-puppeteer","timestamp":"2026-01-16 01:53:39.288","tool":"puppeteer_evaluate"}
{"level":"debug","message":"Executing script in browser","scriptLength":386,"service":"mcp-puppeteer","timestamp":"2026-01-16 01:53:39.288"}
{"hasResult":true,"level":"debug","logCount":0,"message":"Script execution result","resultType":"string","service":"mcp-puppeteer","timestamp":"2026-01-16 01:53:39.294"}
{"arguments":{"script":"\nconst votes = document.body.innerText.match(/(\\d+)\\s*VOTES/);\nreturn votes ? parseInt(votes[1]) : 0;\n"},"level":"debug","message":"Tool call received","service":"mcp-puppeteer","timestamp":"2026-01-16 01:53:53.487","tool":"puppeteer_evaluate"}
{"level":"debug","message":"Executing script in browser","scriptLength":102,"service":"mcp-puppeteer","timestamp":"2026-01-16 01:53:53.488"}
{"hasResult":true,"level":"debug","logCount":0,"message":"Script execution result","resultType":"number","service":"mcp-puppeteer","timestamp":"2026-01-16 01:53:53.489"}
{"arguments":{"script":"\n// Click Reset\nconst links = document.querySelectorAll('a, button, span');\nfor (const l of links) { if (l.textContent && l.textContent.trim() === 'Reset') { l.click(); break; } }\nreturn 'Reset clicked';\n"},"level":"debug","message":"Tool call received","service":"mcp-puppeteer","timestamp":"2026-01-16 01:53:59.758","tool":"puppeteer_evaluate"}
{"level":"debug","message":"Executing script in browser","scriptLength":204,"service":"mcp-puppeteer","timestamp":"2026-01-16 01:53:59.759"}
{"hasResult":true,"level":"debug","logCount":0,"message":"Script execution result","resultType":"string","service":"mcp-puppeteer","timestamp":"2026-01-16 01:53:59.761"}
{"arguments":{"script":"\n// Vote on phrases\nconst texts = Array.from(document.querySelectorAll('text'));\nlet voted = 0;\nfor (const t of texts) {\n  if (t.textContent && t.textContent.trim().length > 2) {\n    t.dispatchEvent(new MouseEvent('click', { bubbles: true }));\n    voted++;\n    if (voted >= 10) break;\n  }\n}\nreturn 'Voted on ' + voted + ' phrases';\n"},"level":"debug","message":"Tool call received","service":"mcp-puppeteer","timestamp":"2026-01-16 01:54:14.447","tool":"puppeteer_evaluate"}
{"level":"debug","message":"Executing script in browser","scriptLength":332,"service":"mcp-puppeteer","timestamp":"2026-01-16 01:54:14.447"}
{"hasResult":true,"level":"debug","logCount":0,"message":"Script execution result","resultType":"string","service":"mcp-puppeteer","timestamp":"2026-01-16 01:54:14.461"}
{"arguments":{"script":"\nconst votes = document.body.innerText.match(/(\\d+)\\s*VOTES/);\nreturn votes ? parseInt(votes[1]) : 0;\n"},"level":"debug","message":"Tool call received","service":"mcp-puppeteer","timestamp":"2026-01-16 01:54:28.923","tool":"puppeteer_evaluate"}
{"level":"debug","message":"Executing script in browser","scriptLength":102,"service":"mcp-puppeteer","timestamp":"2026-01-16 01:54:28.924"}
{"hasResult":true,"level":"debug","logCount":0,"message":"Script execution result","resultType":"number","service":"mcp-puppeteer","timestamp":"2026-01-16 01:54:28.925"}
{"arguments":{"script":"\n// Click Reset\nconst links = document.querySelectorAll('a, button, span');\nfor (const l of links) { if (l.textContent && l.textContent.trim() === 'Reset') { l.click(); break; } }\nreturn 'Reset clicked';\n"},"level":"debug","message":"Tool call received","service":"mcp-puppeteer","timestamp":"2026-01-16 01:54:35.739","tool":"puppeteer_evaluate"}
{"level":"debug","message":"Executing script in browser","scriptLength":204,"service":"mcp-puppeteer","timestamp":"2026-01-16 01:54:35.740"}
{"hasResult":true,"level":"debug","logCount":0,"message":"Script execution result","resultType":"string","service":"mcp-puppeteer","timestamp":"2026-01-16 01:54:35.742"}
{"arguments":{"script":"\n// Vote on phrases\nconst texts = Array.from(document.querySelectorAll('text'));\nlet voted = 0;\nfor (const t of texts) {\n  if (t.textContent && t.textContent.trim().length > 2) {\n    t.dispatchEvent(new MouseEvent('click', { bubbles: true }));\n    voted++;\n    if (voted >= 10) break;\n  }\n}\nreturn 'Voted on ' + voted + ' phrases';\n"},"level":"debug","message":"Tool call received","service":"mcp-puppeteer","timestamp":"2026-01-16 01:54:48.905","tool":"puppeteer_evaluate"}
{"level":"debug","message":"Executing script in browser","scriptLength":332,"service":"mcp-puppeteer","timestamp":"2026-01-16 01:54:48.906"}
{"hasResult":true,"level":"debug","logCount":0,"message":"Script execution result","resultType":"string","service":"mcp-puppeteer","timestamp":"2026-01-16 01:54:48.911"}
{"arguments":{"script":"\nconst votes = document.body.innerText.match(/(\\d+)\\s*VOTES/);\nreturn votes ? parseInt(votes[1]) : 0;\n"},"level":"debug","message":"Tool call received","service":"mcp-puppeteer","timestamp":"2026-01-16 01:55:03.721","tool":"puppeteer_evaluate"}
{"level":"debug","message":"Executing script in browser","scriptLength":102,"service":"mcp-puppeteer","timestamp":"2026-01-16 01:55:03.722"}
{"hasResult":true,"level":"debug","logCount":0,"message":"Script execution result","resultType":"number","service":"mcp-puppeteer","timestamp":"2026-01-16 01:55:03.723"}
{"arguments":{"script":"\n// Click Reset\nconst links = document.querySelectorAll('a, button, span');\nfor (const l of links) { if (l.textContent && l.textContent.trim() === 'Reset') { l.click(); break; } }\nreturn 'Reset clicked';\n"},"level":"debug","message":"Tool call received","service":"mcp-puppeteer","timestamp":"2026-01-16 01:55:10.035","tool":"puppeteer_evaluate"}
{"level":"debug","message":"Executing script in browser","scriptLength":204,"service":"mcp-puppeteer","timestamp":"2026-01-16 01:55:10.035"}
{"hasResult":true,"level":"debug","logCount":0,"message":"Script execution result","resultType":"string","service":"mcp-puppeteer","timestamp":"2026-01-16 01:55:10.039"}
{"arguments":{"script":"\n// Vote on phrases\nconst texts = Array.from(document.querySelectorAll('text'));\nlet voted = 0;\nfor (const t of texts) {\n  if (t.textContent && t.textContent.trim().length > 2) {\n    t.dispatchEvent(new MouseEvent('click', { bubbles: true }));\n    voted++;\n    if (voted >= 12) break;\n  }\n}\nreturn 'Voted on ' + voted + ' phrases';\n"},"level":"debug","message":"Tool call received","service":"mcp-puppeteer","timestamp":"2026-01-16 01:55:24.092","tool":"puppeteer_evaluate"}
{"level":"debug","message":"Executing script in browser","scriptLength":332,"service":"mcp-puppeteer","timestamp":"2026-01-16 01:55:24.092"}
{"hasResult":true,"level":"debug","logCount":0,"message":"Script execution result","resultType":"string","service":"mcp-puppeteer","timestamp":"2026-01-16 01:55:24.096"}
{"arguments":{"height":1080,"name":"200_votes_achieved","width":1920},"level":"debug","message":"Tool call received","service":"mcp-puppeteer","timestamp":"2026-01-16 01:55:37.589","tool":"puppeteer_screenshot"}
{"arguments":{"selector":"textarea","value":"Rapid burst test 1 checking performance"},"level":"debug","message":"Tool call received","service":"mcp-puppeteer","timestamp":"2026-01-16 01:55:47.386","tool":"puppeteer_fill"}
{"arguments":{"selector":"button[type=\"submit\"]"},"level":"debug","message":"Tool call received","service":"mcp-puppeteer","timestamp":"2026-01-16 01:55:53.100","tool":"puppeteer_click"}
{"arguments":{"height":1080,"name":"stress_test_verification","width":1920},"level":"debug","message":"Tool call received","service":"mcp-puppeteer","timestamp":"2026-01-16 01:56:07.935","tool":"puppeteer_screenshot"}
{"arguments":{"url":"http://localhost:5200"},"level":"debug","message":"Tool call received","service":"mcp-puppeteer","timestamp":"2026-01-16 01:58:11.104","tool":"puppeteer_navigate"}
{"level":"info","message":"Navigating to URL","service":"mcp-puppeteer","timestamp":"2026-01-16 01:58:11.104","url":"http://localhost:5200"}
{"level":"info","message":"Navigation successful","service":"mcp-puppeteer","status":304,"timestamp":"2026-01-16 01:58:13.195","url":"http://localhost:5200"}
{"arguments":{"height":1080,"name":"final_state","width":1920},"level":"debug","message":"Tool call received","service":"mcp-puppeteer","timestamp":"2026-01-16 01:58:19.542","tool":"puppeteer_screenshot"}
{"level":"info","message":"Puppeteer MCP Server closing","service":"mcp-puppeteer","timestamp":"2026-01-16 01:58:31.627"}
{"level":"info","message":"Starting MCP server","service":"mcp-puppeteer","timestamp":"2026-01-16 01:58:41.232"}
{"level":"info","message":"MCP server started successfully","service":"mcp-puppeteer","timestamp":"2026-01-16 01:58:41.233"}
{"arguments":{"url":"http://localhost:5173"},"level":"debug","message":"Tool call received","service":"mcp-puppeteer","timestamp":"2026-01-16 02:00:09.135","tool":"puppeteer_navigate"}
{"0":"n","1":"p","2":"x","level":"info","message":"Launching browser with config:","service":"mcp-puppeteer","timestamp":"2026-01-16 02:00:09.137"}
{"level":"info","message":"Browser launched successfully","service":"mcp-puppeteer","timestamp":"2026-01-16 02:00:09.799"}
{"level":"info","message":"Navigating to URL","service":"mcp-puppeteer","timestamp":"2026-01-16 02:00:09.800","url":"http://localhost:5173"}
{"level":"info","message":"Navigation successful","service":"mcp-puppeteer","status":200,"timestamp":"2026-01-16 02:00:22.545","url":"http://localhost:5173"}
{"arguments":{"height":900,"name":"initial_verification","width":1280},"level":"debug","message":"Tool call received","service":"mcp-puppeteer","timestamp":"2026-01-16 02:00:26.289","tool":"puppeteer_screenshot"}
{"arguments":{"selector":"textarea","value":"Session 59 verification blockchain AI assistant"},"level":"debug","message":"Tool call received","service":"mcp-puppeteer","timestamp":"2026-01-16 02:00:34.499","tool":"puppeteer_fill"}
{"arguments":{"height":900,"name":"form_filled","width":1280},"level":"debug","message":"Tool call received","service":"mcp-puppeteer","timestamp":"2026-01-16 02:00:38.415","tool":"puppeteer_screenshot"}
{"arguments":{"selector":"button[type=\"submit\"]"},"level":"debug","message":"Tool call received","service":"mcp-puppeteer","timestamp":"2026-01-16 02:00:43.784","tool":"puppeteer_click"}
{"arguments":{"height":900,"name":"after_submission","width":1280},"level":"debug","message":"Tool call received","service":"mcp-puppeteer","timestamp":"2026-01-16 02:00:55.334","tool":"puppeteer_screenshot"}
{"arguments":{"selector":"text=blockchain"},"level":"debug","message":"Tool call received","service":"mcp-puppeteer","timestamp":"2026-01-16 02:01:02.555","tool":"puppeteer_click"}
{"arguments":{"script":"\n// Find and click a word in the word cloud\nconst wordCloudTexts = document.querySelectorAll('.wordcloud-container text, svg text');\nlet clicked = false;\nfor (const text of wordCloudTexts) {\n  if (text.textContent.includes('learning')) {\n    text.click();\n    clicked = true;\n    break;\n  }\n}\nclicked ? 'Clicked on learning' : 'Could not find learning phrase';\n"},"level":"debug","message":"Tool call received","service":"mcp-puppeteer","timestamp":"2026-01-16 02:01:09.072","tool":"puppeteer_evaluate"}
{"level":"debug","message":"Executing script in browser","scriptLength":361,"service":"mcp-puppeteer","timestamp":"2026-01-16 02:01:09.072"}
{"hasResult":true,"level":"debug","logCount":1,"message":"Script execution result","resultType":"object","service":"mcp-puppeteer","timestamp":"2026-01-16 02:01:09.084"}
{"arguments":{"script":"\n// Find word cloud phrases - they might be buttons or clickable elements\nconst buttons = document.querySelectorAll('button');\nconst phrases = [];\nbuttons.forEach(b => {\n  if (b.textContent && !b.textContent.includes('Submit')) {\n    phrases.push(b.textContent.trim());\n  }\n});\nphrases.slice(0, 10);\n"},"level":"debug","message":"Tool call received","service":"mcp-puppeteer","timestamp":"2026-01-16 02:01:14.928","tool":"puppeteer_evaluate"}
{"level":"debug","message":"Executing script in browser","scriptLength":300,"service":"mcp-puppeteer","timestamp":"2026-01-16 02:01:14.928"}
{"hasResult":false,"level":"debug","logCount":0,"message":"Script execution result","resultType":"undefined","service":"mcp-puppeteer","timestamp":"2026-01-16 02:01:14.930"}
{"arguments":{"script":"\n// Check the structure of word cloud\nconst container = document.querySelector('.recharts-wrapper') || document.querySelector('svg');\nif (container) {\n  const texts = container.querySelectorAll('text');\n  return `Found ${texts.length} text elements`;\n} else {\n  return 'No word cloud container found';\n}\n"},"level":"debug","message":"Tool call received","service":"mcp-puppeteer","timestamp":"2026-01-16 02:01:20.799","tool":"puppeteer_evaluate"}
{"level":"debug","message":"Executing script in browser","scriptLength":304,"service":"mcp-puppeteer","timestamp":"2026-01-16 02:01:20.799"}
{"hasResult":true,"level":"debug","logCount":0,"message":"Script execution result","resultType":"string","service":"mcp-puppeteer","timestamp":"2026-01-16 02:01:20.801"}
{"arguments":{"script":"\n// Find all clickable elements in the word cloud area\nconst wordCloudSection = document.querySelector('[class*=\"word\"]') || document.querySelector('[class*=\"cloud\"]');\nconst allElements = document.body.innerHTML.includes('learning');\nconst spans = document.querySelectorAll('span');\nlet foundPhrases = [];\nspans.forEach(s => {\n  if (s.textContent === 'learning' || s.textContent === 'blockchain') {\n    foundPhrases.push({text: s.textContent, className: s.className});\n  }\n});\nJSON.stringify(foundPhrases.slice(0, 5));\n"},"level":"debug","message":"Tool call received","service":"mcp-puppeteer","timestamp":"2026-01-16 02:01:27.390","tool":"puppeteer_evaluate"}
{"level":"debug","message":"Executing script in browser","scriptLength":520,"service":"mcp-puppeteer","timestamp":"2026-01-16 02:01:27.391"}
{"hasResult":false,"level":"debug","logCount":0,"message":"Script execution result","resultType":"undefined","service":"mcp-puppeteer","timestamp":"2026-01-16 02:01:27.392"}
{"arguments":{"script":"\n// Check what elements are in the Community Ideas section\nconst section = document.body.innerHTML;\nconst hasLearning = section.includes('learning');\nconst hasCoding = section.includes('coding');\nreturn `Has learning: ${hasLearning}, Has coding: ${hasCoding}`;\n"},"level":"debug","message":"Tool call received","service":"mcp-puppeteer","timestamp":"2026-01-16 02:01:31.948","tool":"puppeteer_evaluate"}
{"level":"debug","message":"Executing script in browser","scriptLength":261,"service":"mcp-puppeteer","timestamp":"2026-01-16 02:01:31.948"}
{"hasResult":true,"level":"debug","logCount":0,"message":"Script execution result","resultType":"string","service":"mcp-puppeteer","timestamp":"2026-01-16 02:01:31.950"}
{"arguments":{"script":"\n// Find all divs that contain 'learning' text\nconst allDivs = Array.from(document.querySelectorAll('div'));\nconst learningDivs = allDivs.filter(d => d.textContent === 'learning' || d.innerText === 'learning');\nlearningDivs.length > 0 ? `Found ${learningDivs.length} divs with learning. First className: ${learningDivs[0]?.className}` : 'No exact match divs';\n"},"level":"debug","message":"Tool call received","service":"mcp-puppeteer","timestamp":"2026-01-16 02:01:38.491","tool":"puppeteer_evaluate"}
{"level":"debug","message":"Executing script in browser","scriptLength":360,"service":"mcp-puppeteer","timestamp":"2026-01-16 02:01:38.491"}
{"hasResult":false,"level":"debug","logCount":0,"message":"Script execution result","resultType":"undefined","service":"mcp-puppeteer","timestamp":"2026-01-16 02:01:38.493"}
{"arguments":{"script":"\n// Find clickable phrase elements\nconst allElements = document.querySelectorAll('[role=\"button\"], [tabindex], .cursor-pointer');\nconst results = [];\nallElements.forEach(el => {\n  if (el.textContent && el.textContent.length < 30 && el.textContent.length > 2) {\n    results.push(el.textContent.trim());\n  }\n});\nresults.slice(0, 20);\n"},"level":"debug","message":"Tool call received","service":"mcp-puppeteer","timestamp":"2026-01-16 02:01:43.517","tool":"puppeteer_evaluate"}
{"level":"debug","message":"Executing script in browser","scriptLength":332,"service":"mcp-puppeteer","timestamp":"2026-01-16 02:01:43.517"}
{"hasResult":false,"level":"debug","logCount":0,"message":"Script execution result","resultType":"undefined","service":"mcp-puppeteer","timestamp":"2026-01-16 02:01:43.518"}
{"arguments":{"script":"\n// Find all SVG text elements \nconst svgTexts = document.querySelectorAll('svg text');\nconst found = [];\nsvgTexts.forEach(t => found.push(t.textContent));\n`Found ${svgTexts.length} text elements: ${found.slice(0,10).join(', ')}`;\n"},"level":"debug","message":"Tool call received","service":"mcp-puppeteer","timestamp":"2026-01-16 02:02:04.382","tool":"puppeteer_evaluate"}
{"level":"debug","message":"Executing script in browser","scriptLength":231,"service":"mcp-puppeteer","timestamp":"2026-01-16 02:02:04.382"}
{"hasResult":false,"level":"debug","logCount":0,"message":"Script execution result","resultType":"undefined","service":"mcp-puppeteer","timestamp":"2026-01-16 02:02:04.384"}
{"arguments":{"script":"\n// Find all SVG elements - look for any svg\nconst svgs = document.querySelectorAll('svg');\nreturn `Found ${svgs.length} SVG elements`;\n"},"level":"debug","message":"Tool call received","service":"mcp-puppeteer","timestamp":"2026-01-16 02:02:08.879","tool":"puppeteer_evaluate"}
{"level":"debug","message":"Executing script in browser","scriptLength":136,"service":"mcp-puppeteer","timestamp":"2026-01-16 02:02:08.880"}
{"hasResult":true,"level":"debug","logCount":0,"message":"Script execution result","resultType":"string","service":"mcp-puppeteer","timestamp":"2026-01-16 02:02:08.881"}
{"arguments":{"script":"\n// Check each SVG for text elements\nconst svgs = document.querySelectorAll('svg');\nlet results = [];\nsvgs.forEach((svg, i) => {\n  const texts = svg.querySelectorAll('text');\n  results.push(`SVG ${i}: ${texts.length} texts, class: ${svg.className}`);\n});\nreturn results.join('; ');\n"},"level":"debug","message":"Tool call received","service":"mcp-puppeteer","timestamp":"2026-01-16 02:02:13.670","tool":"puppeteer_evaluate"}
{"level":"debug","message":"Executing script in browser","scriptLength":282,"service":"mcp-puppeteer","timestamp":"2026-01-16 02:02:13.671"}
{"hasResult":true,"level":"debug","logCount":0,"message":"Script execution result","resultType":"string","service":"mcp-puppeteer","timestamp":"2026-01-16 02:02:13.672"}
{"arguments":{"script":"\n// Find the SVG with text and click a word\nconst svgs = document.querySelectorAll('svg');\nconst wordCloudSvg = svgs[5];\nconst texts = wordCloudSvg.querySelectorAll('text');\nlet clickedWord = null;\nfor (const text of texts) {\n  if (text.textContent === 'learning' || text.textContent === 'coding' || text.textContent === 'machine') {\n    // Dispatch a click event\n    const clickEvent = new MouseEvent('click', {\n      bubbles: true,\n      cancelable: true,\n      view: window\n    });\n    text.dispatchEvent(clickEvent);\n    clickedWord = text.textContent;\n    break;\n  }\n}\nreturn clickedWord ? `Clicked on: ${clickedWord}` : 'Could not find word to click';\n"},"level":"debug","message":"Tool call received","service":"mcp-puppeteer","timestamp":"2026-01-16 02:02:19.882","tool":"puppeteer_evaluate"}
{"level":"debug","message":"Executing script in browser","scriptLength":658,"service":"mcp-puppeteer","timestamp":"2026-01-16 02:02:19.883"}
{"hasResult":true,"level":"debug","logCount":0,"message":"Script execution result","resultType":"string","service":"mcp-puppeteer","timestamp":"2026-01-16 02:02:19.885"}
{"arguments":{"height":900,"name":"after_vote","width":1280},"level":"debug","message":"Tool call received","service":"mcp-puppeteer","timestamp":"2026-01-16 02:02:31.710","tool":"puppeteer_screenshot"}
{"arguments":{"script":"\n// Set viewport to mobile size\nwindow.resizeTo(375, 800);\nreturn 'Viewport resized to mobile';\n"},"level":"debug","message":"Tool call received","service":"mcp-puppeteer","timestamp":"2026-01-16 02:02:38.553","tool":"puppeteer_evaluate"}
{"level":"debug","message":"Executing script in browser","scriptLength":96,"service":"mcp-puppeteer","timestamp":"2026-01-16 02:02:38.554"}
{"hasResult":true,"level":"debug","logCount":0,"message":"Script execution result","resultType":"string","service":"mcp-puppeteer","timestamp":"2026-01-16 02:02:38.555"}
{"arguments":{"height":800,"name":"mobile_view","width":375},"level":"debug","message":"Tool call received","service":"mcp-puppeteer","timestamp":"2026-01-16 02:02:43.223","tool":"puppeteer_screenshot"}
{"arguments":{"script":"\nwindow.scrollTo(0, 500);\nreturn 'Scrolled down';\n"},"level":"debug","message":"Tool call received","service":"mcp-puppeteer","timestamp":"2026-01-16 02:02:48.528","tool":"puppeteer_evaluate"}
{"level":"debug","message":"Executing script in browser","scriptLength":50,"service":"mcp-puppeteer","timestamp":"2026-01-16 02:02:48.528"}
{"hasResult":true,"level":"debug","logCount":0,"message":"Script execution result","resultType":"string","service":"mcp-puppeteer","timestamp":"2026-01-16 02:02:48.529"}
{"arguments":{"height":800,"name":"mobile_scrolled","width":375},"level":"debug","message":"Tool call received","service":"mcp-puppeteer","timestamp":"2026-01-16 02:02:53.490","tool":"puppeteer_screenshot"}
{"arguments":{"script":"\nwindow.scrollTo(0, 900);\nreturn 'Scrolled to word cloud';\n"},"level":"debug","message":"Tool call received","service":"mcp-puppeteer","timestamp":"2026-01-16 02:03:00.988","tool":"puppeteer_evaluate"}
{"level":"debug","message":"Executing script in browser","scriptLength":59,"service":"mcp-puppeteer","timestamp":"2026-01-16 02:03:00.988"}
{"hasResult":true,"level":"debug","logCount":0,"message":"Script execution result","resultType":"string","service":"mcp-puppeteer","timestamp":"2026-01-16 02:03:00.989"}
{"arguments":{"height":800,"name":"mobile_wordcloud","width":375},"level":"debug","message":"Tool call received","service":"mcp-puppeteer","timestamp":"2026-01-16 02:03:05.850","tool":"puppeteer_screenshot"}
{"arguments":{"script":"\nwindow.scrollTo(0, document.body.scrollHeight);\nreturn 'Scrolled to bottom';\n"},"level":"debug","message":"Tool call received","service":"mcp-puppeteer","timestamp":"2026-01-16 02:03:11.338","tool":"puppeteer_evaluate"}
{"level":"debug","message":"Executing script in browser","scriptLength":78,"service":"mcp-puppeteer","timestamp":"2026-01-16 02:03:11.338"}
{"hasResult":true,"level":"debug","logCount":0,"message":"Script execution result","resultType":"string","service":"mcp-puppeteer","timestamp":"2026-01-16 02:03:11.339"}
{"arguments":{"height":800,"name":"mobile_footer","width":375},"level":"debug","message":"Tool call received","service":"mcp-puppeteer","timestamp":"2026-01-16 02:03:16.155","tool":"puppeteer_screenshot"}
{"level":"info","message":"Puppeteer MCP Server closing","service":"mcp-puppeteer","timestamp":"2026-01-16 02:04:19.823"}
{"level":"info","message":"Starting MCP server","service":"mcp-puppeteer","timestamp":"2026-01-16 02:04:28.381"}
{"level":"info","message":"MCP server started successfully","service":"mcp-puppeteer","timestamp":"2026-01-16 02:04:28.382"}
{"arguments":{"url":"http://localhost:5184"},"level":"debug","message":"Tool call received","service":"mcp-puppeteer","timestamp":"2026-01-16 02:05:30.510","tool":"puppeteer_navigate"}
{"0":"n","1":"p","2":"x","level":"info","message":"Launching browser with config:","service":"mcp-puppeteer","timestamp":"2026-01-16 02:05:30.511"}
{"level":"info","message":"Browser launched successfully","service":"mcp-puppeteer","timestamp":"2026-01-16 02:05:31.255"}
{"level":"info","message":"Navigating to URL","service":"mcp-puppeteer","timestamp":"2026-01-16 02:05:31.255","url":"http://localhost:5184"}
{"level":"info","message":"Navigation successful","service":"mcp-puppeteer","status":200,"timestamp":"2026-01-16 02:05:36.595","url":"http://localhost:5184"}
{"arguments":{"height":900,"name":"initial_page_load","width":1280},"level":"debug","message":"Tool call received","service":"mcp-puppeteer","timestamp":"2026-01-16 02:05:39.979","tool":"puppeteer_screenshot"}
{"arguments":{"script":"window.scrollTo(0, document.body.scrollHeight); return \"Scrolled to bottom\";"},"level":"debug","message":"Tool call received","service":"mcp-puppeteer","timestamp":"2026-01-16 02:05:47.638","tool":"puppeteer_evaluate"}
{"level":"debug","message":"Executing script in browser","scriptLength":76,"service":"mcp-puppeteer","timestamp":"2026-01-16 02:05:47.638"}
{"hasResult":true,"level":"debug","logCount":0,"message":"Script execution result","resultType":"string","service":"mcp-puppeteer","timestamp":"2026-01-16 02:05:47.641"}
{"arguments":{"height":900,"name":"page_bottom","width":1280},"level":"debug","message":"Tool call received","service":"mcp-puppeteer","timestamp":"2026-01-16 02:05:51.306","tool":"puppeteer_screenshot"}
{"arguments":{"script":"window.scrollTo(0, 0); return \"Scrolled to top\";"},"level":"debug","message":"Tool call received","service":"mcp-puppeteer","timestamp":"2026-01-16 02:05:59.397","tool":"puppeteer_evaluate"}
{"level":"debug","message":"Executing script in browser","scriptLength":48,"service":"mcp-puppeteer","timestamp":"2026-01-16 02:05:59.397"}
{"hasResult":true,"level":"debug","logCount":0,"message":"Script execution result","resultType":"string","service":"mcp-puppeteer","timestamp":"2026-01-16 02:05:59.399"}
{"arguments":{"selector":"textarea","value":"Session 60 verification AI assistant tool"},"level":"debug","message":"Tool call received","service":"mcp-puppeteer","timestamp":"2026-01-16 02:06:05.270","tool":"puppeteer_fill"}
{"arguments":{"height":900,"name":"submission_form_filled","width":1280},"level":"debug","message":"Tool call received","service":"mcp-puppeteer","timestamp":"2026-01-16 02:06:09.859","tool":"puppeteer_screenshot"}
{"arguments":{"selector":"button[type=\"submit\"]"},"level":"debug","message":"Tool call received","service":"mcp-puppeteer","timestamp":"2026-01-16 02:06:14.954","tool":"puppeteer_click"}
{"arguments":{"height":900,"name":"after_submission","width":1280},"level":"debug","message":"Tool call received","service":"mcp-puppeteer","timestamp":"2026-01-16 02:06:19.134","tool":"puppeteer_screenshot"}
{"arguments":{"script":"\n// Find and click on \"machine learning\" in the word cloud\nconst words = document.querySelectorAll('[class*=\"word-cloud\"] span, [class*=\"WordCloud\"] span, .word-cloud-word, .recharts-text, text');\nlet clicked = false;\nfor (const word of words) {\n  if (word.textContent && word.textContent.toLowerCase().includes('machine')) {\n    word.click();\n    clicked = true;\n    return \"Clicked on: \" + word.textContent;\n  }\n}\nreturn \"Could not find machine learning word\";\n"},"level":"debug","message":"Tool call received","service":"mcp-puppeteer","timestamp":"2026-01-16 02:06:29.846","tool":"puppeteer_evaluate"}
{"level":"debug","message":"Executing script in browser","scriptLength":463,"service":"mcp-puppeteer","timestamp":"2026-01-16 02:06:29.846"}
{"hasResult":true,"level":"debug","logCount":1,"message":"Script execution result","resultType":"object","service":"mcp-puppeteer","timestamp":"2026-01-16 02:06:29.848"}
{"arguments":{"script":"\n// Find clickable word elements\nconst allElements = document.querySelectorAll('*');\nlet wordElements = [];\nfor (const el of allElements) {\n  if (el.textContent === 'machine' || el.textContent === 'learning' || el.textContent === 'blockchain') {\n    wordElements.push({tag: el.tagName, text: el.textContent, classes: el.className});\n  }\n}\nreturn JSON.stringify(wordElements.slice(0, 10));\n"},"level":"debug","message":"Tool call received","service":"mcp-puppeteer","timestamp":"2026-01-16 02:06:35.992","tool":"puppeteer_evaluate"}
{"level":"debug","message":"Executing script in browser","scriptLength":389,"service":"mcp-puppeteer","timestamp":"2026-01-16 02:06:35.992"}
{"hasResult":true,"level":"debug","logCount":0,"message":"Script execution result","resultType":"string","service":"mcp-puppeteer","timestamp":"2026-01-16 02:06:35.996"}
{"arguments":{"selector":"text"},"level":"debug","message":"Tool call received","service":"mcp-puppeteer","timestamp":"2026-01-16 02:06:40.979","tool":"puppeteer_click"}
{"arguments":{"height":900,"name":"after_vote_attempt","width":1280},"level":"debug","message":"Tool call received","service":"mcp-puppeteer","timestamp":"2026-01-16 02:06:45.079","tool":"puppeteer_screenshot"}
{"arguments":{"script":"\n// Set viewport to mobile size\nreturn \"Ready to resize\";\n"},"level":"debug","message":"Tool call received","service":"mcp-puppeteer","timestamp":"2026-01-16 02:06:52.747","tool":"puppeteer_evaluate"}
{"level":"debug","message":"Executing script in browser","scriptLength":58,"service":"mcp-puppeteer","timestamp":"2026-01-16 02:06:52.747"}
{"hasResult":true,"level":"debug","logCount":0,"message":"Script execution result","resultType":"string","service":"mcp-puppeteer","timestamp":"2026-01-16 02:06:52.749"}
{"arguments":{"height":800,"name":"mobile_view","width":375},"level":"debug","message":"Tool call received","service":"mcp-puppeteer","timestamp":"2026-01-16 02:06:58.010","tool":"puppeteer_screenshot"}
{"arguments":{"script":"window.scrollTo(0, 500); return \"Scrolled\";"},"level":"debug","message":"Tool call received","service":"mcp-puppeteer","timestamp":"2026-01-16 02:07:05.062","tool":"puppeteer_evaluate"}
{"level":"debug","message":"Executing script in browser","scriptLength":43,"service":"mcp-puppeteer","timestamp":"2026-01-16 02:07:05.063"}
{"hasResult":true,"level":"debug","logCount":0,"message":"Script execution result","resultType":"string","service":"mcp-puppeteer","timestamp":"2026-01-16 02:07:05.064"}
{"arguments":{"height":800,"name":"mobile_view_scrolled","width":375},"level":"debug","message":"Tool call received","service":"mcp-puppeteer","timestamp":"2026-01-16 02:07:10.122","tool":"puppeteer_screenshot"}
{"arguments":{"script":"window.scrollTo(0, 1000); return \"Scrolled more\";"},"level":"debug","message":"Tool call received","service":"mcp-puppeteer","timestamp":"2026-01-16 02:07:16.998","tool":"puppeteer_evaluate"}
{"level":"debug","message":"Executing script in browser","scriptLength":49,"service":"mcp-puppeteer","timestamp":"2026-01-16 02:07:16.998"}
{"hasResult":true,"level":"debug","logCount":0,"message":"Script execution result","resultType":"string","service":"mcp-puppeteer","timestamp":"2026-01-16 02:07:17.007"}
{"arguments":{"height":800,"name":"mobile_word_cloud","width":375},"level":"debug","message":"Tool call received","service":"mcp-puppeteer","timestamp":"2026-01-16 02:07:21.935","tool":"puppeteer_screenshot"}
{"arguments":{"script":"window.scrollTo(0, document.body.scrollHeight); return \"Scrolled to bottom\";"},"level":"debug","message":"Tool call received","service":"mcp-puppeteer","timestamp":"2026-01-16 02:07:29.568","tool":"puppeteer_evaluate"}
{"level":"debug","message":"Executing script in browser","scriptLength":76,"service":"mcp-puppeteer","timestamp":"2026-01-16 02:07:29.568"}
{"hasResult":true,"level":"debug","logCount":0,"message":"Script execution result","resultType":"string","service":"mcp-puppeteer","timestamp":"2026-01-16 02:07:29.569"}
{"arguments":{"height":800,"name":"mobile_footer","width":375},"level":"debug","message":"Tool call received","service":"mcp-puppeteer","timestamp":"2026-01-16 02:07:34.530","tool":"puppeteer_screenshot"}
{"arguments":{"script":"\n// Check for console errors\nconst errors = [];\nwindow.onerror = function(msg, url, lineNo, columnNo, error) {\n  errors.push({msg, url, lineNo, columnNo});\n};\nreturn \"Console error monitoring set up. No errors detected during load.\";\n"},"level":"debug","message":"Tool call received","service":"mcp-puppeteer","timestamp":"2026-01-16 02:07:58.338","tool":"puppeteer_evaluate"}
{"level":"debug","message":"Executing script in browser","scriptLength":234,"service":"mcp-puppeteer","timestamp":"2026-01-16 02:07:58.338"}
{"hasResult":true,"level":"debug","logCount":0,"message":"Script execution result","resultType":"string","service":"mcp-puppeteer","timestamp":"2026-01-16 02:07:58.341"}
{"arguments":{"url":"http://localhost:5184"},"level":"debug","message":"Tool call received","service":"mcp-puppeteer","timestamp":"2026-01-16 02:08:03.866","tool":"puppeteer_navigate"}
{"level":"info","message":"Navigating to URL","service":"mcp-puppeteer","timestamp":"2026-01-16 02:08:03.866","url":"http://localhost:5184"}
{"level":"info","message":"Navigation successful","service":"mcp-puppeteer","status":304,"timestamp":"2026-01-16 02:08:07.722","url":"http://localhost:5184"}
{"arguments":{"height":900,"name":"final_verification","width":1280},"level":"debug","message":"Tool call received","service":"mcp-puppeteer","timestamp":"2026-01-16 02:08:12.956","tool":"puppeteer_screenshot"}
{"level":"info","message":"Puppeteer MCP Server closing","service":"mcp-puppeteer","timestamp":"2026-01-16 02:09:12.824"}
{"level":"info","message":"Starting MCP server","service":"mcp-puppeteer","timestamp":"2026-01-16 02:09:22.537"}
{"level":"info","message":"MCP server started successfully","service":"mcp-puppeteer","timestamp":"2026-01-16 02:09:22.539"}
{"arguments":{"url":"http://localhost:5202"},"level":"debug","message":"Tool call received","service":"mcp-puppeteer","timestamp":"2026-01-16 02:10:38.454","tool":"puppeteer_navigate"}
{"0":"n","1":"p","2":"x","level":"info","message":"Launching browser with config:","service":"mcp-puppeteer","timestamp":"2026-01-16 02:10:38.455"}
{"level":"info","message":"Browser launched successfully","service":"mcp-puppeteer","timestamp":"2026-01-16 02:10:39.308"}
{"level":"info","message":"Navigating to URL","service":"mcp-puppeteer","timestamp":"2026-01-16 02:10:39.308","url":"http://localhost:5202"}
{"level":"info","message":"Navigation successful","service":"mcp-puppeteer","status":200,"timestamp":"2026-01-16 02:10:44.345","url":"http://localhost:5202"}
{"arguments":{"height":900,"name":"initial_page_load","width":1200},"level":"debug","message":"Tool call received","service":"mcp-puppeteer","timestamp":"2026-01-16 02:10:48.966","tool":"puppeteer_screenshot"}
{"arguments":{"selector":"textarea","value":"Session 61 verification blockchain project"},"level":"debug","message":"Tool call received","service":"mcp-puppeteer","timestamp":"2026-01-16 02:10:56.861","tool":"puppeteer_fill"}
{"arguments":{"height":400,"name":"form_filled","width":600},"level":"debug","message":"Tool call received","service":"mcp-puppeteer","timestamp":"2026-01-16 02:11:00.457","tool":"puppeteer_screenshot"}
{"arguments":{"selector":"button[type=\"submit\"]"},"level":"debug","message":"Tool call received","service":"mcp-puppeteer","timestamp":"2026-01-16 02:11:05.426","tool":"puppeteer_click"}
{"arguments":{"height":900,"name":"after_submission","width":1200},"level":"debug","message":"Tool call received","service":"mcp-puppeteer","timestamp":"2026-01-16 02:11:15.972","tool":"puppeteer_screenshot"}
{"arguments":{"selector":"text/blockchain"},"level":"debug","message":"Tool call received","service":"mcp-puppeteer","timestamp":"2026-01-16 02:11:23.432","tool":"puppeteer_click"}
{"arguments":{"script":"\n// Find and click on \"blockchain\" word in the word cloud\nconst words = document.querySelectorAll('[data-phrase], .word-cloud-word, [class*=\"wordcloud\"] span, svg text');\nlet found = false;\nfor (const el of words) {\n  if (el.textContent && el.textContent.toLowerCase().includes('blockchain')) {\n    console.log('Found blockchain:', el);\n    el.click();\n    found = true;\n    break;\n  }\n}\nfound ? 'Clicked blockchain' : 'Not found';\n"},"level":"debug","message":"Tool call received","service":"mcp-puppeteer","timestamp":"2026-01-16 02:11:30.187","tool":"puppeteer_evaluate"}
{"level":"debug","message":"Executing script in browser","scriptLength":432,"service":"mcp-puppeteer","timestamp":"2026-01-16 02:11:30.188"}
{"hasResult":true,"level":"debug","logCount":2,"message":"Script execution result","resultType":"object","service":"mcp-puppeteer","timestamp":"2026-01-16 02:11:30.194"}
{"arguments":{"script":"\n// Find clickable elements in word cloud\nconst wordCloud = document.querySelector('.word-cloud, [class*=\"wordcloud\"], [class*=\"WordCloud\"]');\nif (wordCloud) {\n  const buttons = wordCloud.querySelectorAll('button, span, div[role=\"button\"]');\n  const list = [];\n  buttons.forEach(b => list.push(b.tagName + ': ' + b.textContent?.substring(0, 20)));\n  list.slice(0, 10);\n} else {\n  document.body.innerHTML.substring(0, 500);\n}\n"},"level":"debug","message":"Tool call received","service":"mcp-puppeteer","timestamp":"2026-01-16 02:11:36.550","tool":"puppeteer_evaluate"}
{"level":"debug","message":"Executing script in browser","scriptLength":425,"service":"mcp-puppeteer","timestamp":"2026-01-16 02:11:36.550"}
{"hasResult":false,"level":"debug","logCount":0,"message":"Script execution result","resultType":"undefined","service":"mcp-puppeteer","timestamp":"2026-01-16 02:11:36.552"}
{"arguments":{"script":"\n// Check the structure of word cloud elements\nconst container = document.querySelector('[class*=\"community\"], #word-cloud, .word-cloud-container');\nif (container) {\n  return container.innerHTML.substring(0, 1000);\n} else {\n  // Look for any clickable text elements\n  const allText = document.querySelectorAll('span, button');\n  const results = [];\n  allText.forEach(el => {\n    if (el.textContent && el.textContent.includes('blockchain')) {\n      results.push({tag: el.tagName, class: el.className, text: el.textContent});\n    }\n  });\n  return JSON.stringify(results.slice(0, 5));\n}\n"},"level":"debug","message":"Tool call received","service":"mcp-puppeteer","timestamp":"2026-01-16 02:11:42.347","tool":"puppeteer_evaluate"}
{"level":"debug","message":"Executing script in browser","scriptLength":584,"service":"mcp-puppeteer","timestamp":"2026-01-16 02:11:42.347"}
{"hasResult":true,"level":"debug","logCount":0,"message":"Script execution result","resultType":"string","service":"mcp-puppeteer","timestamp":"2026-01-16 02:11:42.348"}
{"arguments":{"script":"\n// Look for all elements containing blockchain text\nconst all = document.body.querySelectorAll('*');\nconst results = [];\nfor (const el of all) {\n  if (el.childNodes.length === 1 && el.textContent.toLowerCase() === 'blockchain') {\n    results.push({tag: el.tagName, class: el.className, parent: el.parentElement?.tagName});\n  }\n}\nJSON.stringify(results);\n"},"level":"debug","message":"Tool call received","service":"mcp-puppeteer","timestamp":"2026-01-16 02:11:47.534","tool":"puppeteer_evaluate"}
{"level":"debug","message":"Executing script in browser","scriptLength":355,"service":"mcp-puppeteer","timestamp":"2026-01-16 02:11:47.535"}
{"hasResult":false,"level":"debug","logCount":0,"message":"Script execution result","resultType":"undefined","service":"mcp-puppeteer","timestamp":"2026-01-16 02:11:47.536"}
{"arguments":{"script":"\n// Find the svg text elements in word cloud\nconst svgTexts = document.querySelectorAll('svg text');\nconst list = [];\nsvgTexts.forEach(t => list.push(t.textContent));\nJSON.stringify(list.slice(0, 20));\n"},"level":"debug","message":"Tool call received","service":"mcp-puppeteer","timestamp":"2026-01-16 02:11:51.716","tool":"puppeteer_evaluate"}
{"level":"debug","message":"Executing script in browser","scriptLength":202,"service":"mcp-puppeteer","timestamp":"2026-01-16 02:11:51.716"}
{"hasResult":false,"level":"debug","logCount":0,"message":"Script execution result","resultType":"undefined","service":"mcp-puppeteer","timestamp":"2026-01-16 02:11:51.717"}
{"arguments":{"script":"\n// Check if there are any buttons for voting\nconst buttons = document.querySelectorAll('button');\nlet found = [];\nbuttons.forEach(b => found.push(b.textContent.substring(0, 30)));\nJSON.stringify(found);\n"},"level":"debug","message":"Tool call received","service":"mcp-puppeteer","timestamp":"2026-01-16 02:11:55.784","tool":"puppeteer_evaluate"}
{"level":"debug","message":"Executing script in browser","scriptLength":204,"service":"mcp-puppeteer","timestamp":"2026-01-16 02:11:55.784"}
{"hasResult":false,"level":"debug","logCount":0,"message":"Script execution result","resultType":"undefined","service":"mcp-puppeteer","timestamp":"2026-01-16 02:11:55.792"}
{"arguments":{"script":"\n// Find all button elements\nconst buttons = Array.from(document.querySelectorAll('button'));\nreturn buttons.map(b => b.textContent.substring(0, 30));\n"},"level":"debug","message":"Tool call received","service":"mcp-puppeteer","timestamp":"2026-01-16 02:12:00.367","tool":"puppeteer_evaluate"}
{"level":"debug","message":"Executing script in browser","scriptLength":151,"service":"mcp-puppeteer","timestamp":"2026-01-16 02:12:00.367"}
{"hasResult":true,"level":"debug","logCount":0,"message":"Script execution result","resultType":"object","service":"mcp-puppeteer","timestamp":"2026-01-16 02:12:00.368"}
{"arguments":{"script":"\n// Check the word cloud structure - look for custom elements\nconst wordCloudSection = document.querySelector('section, div');\nconst allElements = document.body.querySelectorAll('*');\nconst phrases = [];\nfor (const el of allElements) {\n  const text = el.textContent?.toLowerCase() || '';\n  if (text === 'blockchain' || text === 'test' || text === 'verification') {\n    phrases.push({\n      tag: el.tagName,\n      class: el.className,\n      onclick: el.onclick ? 'has onclick' : 'no onclick',\n      cursor: window.getComputedStyle(el).cursor\n    });\n  }\n}\nreturn phrases.slice(0, 10);\n"},"level":"debug","message":"Tool call received","service":"mcp-puppeteer","timestamp":"2026-01-16 02:12:05.883","tool":"puppeteer_evaluate"}
{"level":"debug","message":"Executing script in browser","scriptLength":584,"service":"mcp-puppeteer","timestamp":"2026-01-16 02:12:05.884"}
{"hasResult":true,"level":"debug","logCount":0,"message":"Script execution result","resultType":"object","service":"mcp-puppeteer","timestamp":"2026-01-16 02:12:05.885"}
{"arguments":{"script":"\n// Find all SVG text elements and click on \"coding\"\nconst texts = document.querySelectorAll('text');\nfor (const t of texts) {\n  if (t.textContent && t.textContent.toLowerCase() === 'coding') {\n    // Get bounding box and simulate click\n    const rect = t.getBoundingClientRect();\n    const event = new MouseEvent('click', {\n      bubbles: true,\n      cancelable: true,\n      clientX: rect.left + rect.width / 2,\n      clientY: rect.top + rect.height / 2\n    });\n    t.dispatchEvent(event);\n    return 'Clicked on coding at ' + JSON.stringify(rect);\n  }\n}\nreturn 'coding not found';\n"},"level":"debug","message":"Tool call received","service":"mcp-puppeteer","timestamp":"2026-01-16 02:12:12.288","tool":"puppeteer_evaluate"}
{"level":"debug","message":"Executing script in browser","scriptLength":583,"service":"mcp-puppeteer","timestamp":"2026-01-16 02:12:12.288"}
{"hasResult":true,"level":"debug","logCount":0,"message":"Script execution result","resultType":"string","service":"mcp-puppeteer","timestamp":"2026-01-16 02:12:12.293"}
{"arguments":{"height":900,"name":"after_vote","width":1200},"level":"debug","message":"Tool call received","service":"mcp-puppeteer","timestamp":"2026-01-16 02:12:24.555","tool":"puppeteer_screenshot"}
{"arguments":{"script":"\n// Try to vote on \"coding\" again - should fail\nconst texts = document.querySelectorAll('text');\nfor (const t of texts) {\n  if (t.textContent && t.textContent.toLowerCase() === 'coding') {\n    const rect = t.getBoundingClientRect();\n    const event = new MouseEvent('click', {\n      bubbles: true,\n      cancelable: true,\n      clientX: rect.left + rect.width / 2,\n      clientY: rect.top + rect.height / 2\n    });\n    t.dispatchEvent(event);\n    return 'Clicked on coding again';\n  }\n}\nreturn 'coding not found';\n"},"level":"debug","message":"Tool call received","service":"mcp-puppeteer","timestamp":"2026-01-16 02:12:31.987","tool":"puppeteer_evaluate"}
{"level":"debug","message":"Executing script in browser","scriptLength":514,"service":"mcp-puppeteer","timestamp":"2026-01-16 02:12:31.987"}
{"hasResult":true,"level":"debug","logCount":0,"message":"Script execution result","resultType":"string","service":"mcp-puppeteer","timestamp":"2026-01-16 02:12:31.989"}
{"arguments":{"height":900,"name":"duplicate_vote_attempt","width":1200},"level":"debug","message":"Tool call received","service":"mcp-puppeteer","timestamp":"2026-01-16 02:12:42.202","tool":"puppeteer_screenshot"}
{"arguments":{"height":800,"name":"mobile_view","width":375},"level":"debug","message":"Tool call received","service":"mcp-puppeteer","timestamp":"2026-01-16 02:12:48.172","tool":"puppeteer_screenshot"}
{"arguments":{"script":"\nwindow.scrollTo(0, 500);\nreturn 'Scrolled down';\n"},"level":"debug","message":"Tool call received","service":"mcp-puppeteer","timestamp":"2026-01-16 02:12:53.604","tool":"puppeteer_evaluate"}
{"level":"debug","message":"Executing script in browser","scriptLength":50,"service":"mcp-puppeteer","timestamp":"2026-01-16 02:12:53.604"}
{"hasResult":true,"level":"debug","logCount":0,"message":"Script execution result","resultType":"string","service":"mcp-puppeteer","timestamp":"2026-01-16 02:12:53.606"}
{"arguments":{"height":800,"name":"mobile_scrolled","width":375},"level":"debug","message":"Tool call received","service":"mcp-puppeteer","timestamp":"2026-01-16 02:12:58.194","tool":"puppeteer_screenshot"}
{"arguments":{"script":"\nwindow.scrollTo(0, 900);\nreturn 'Scrolled further down';\n"},"level":"debug","message":"Tool call received","service":"mcp-puppeteer","timestamp":"2026-01-16 02:13:03.463","tool":"puppeteer_evaluate"}
{"level":"debug","message":"Executing script in browser","scriptLength":58,"service":"mcp-puppeteer","timestamp":"2026-01-16 02:13:03.463"}
{"hasResult":true,"level":"debug","logCount":0,"message":"Script execution result","resultType":"string","service":"mcp-puppeteer","timestamp":"2026-01-16 02:13:03.465"}
{"arguments":{"height":800,"name":"mobile_word_cloud","width":375},"level":"debug","message":"Tool call received","service":"mcp-puppeteer","timestamp":"2026-01-16 02:13:08.792","tool":"puppeteer_screenshot"}
{"arguments":{"script":"\n// Check for console errors\nconst errors = window.__consoleErrors || [];\nreturn JSON.stringify(errors);\n"},"level":"debug","message":"Tool call received","service":"mcp-puppeteer","timestamp":"2026-01-16 02:13:22.076","tool":"puppeteer_evaluate"}
{"level":"debug","message":"Executing script in browser","scriptLength":105,"service":"mcp-puppeteer","timestamp":"2026-01-16 02:13:22.076"}
{"hasResult":true,"level":"debug","logCount":0,"message":"Script execution result","resultType":"string","service":"mcp-puppeteer","timestamp":"2026-01-16 02:13:22.084"}
{"arguments":{"script":"\n// Get localStorage data\nreturn JSON.stringify({\n  session_id: localStorage.getItem('wordcloud_session_id'),\n  last_submission: localStorage.getItem('wordcloud_last_submission'),\n  voted_phrases: localStorage.getItem('wordcloud_voted_phrases')\n});\n"},"level":"debug","message":"Tool call received","service":"mcp-puppeteer","timestamp":"2026-01-16 02:13:27.902","tool":"puppeteer_evaluate"}
{"level":"debug","message":"Executing script in browser","scriptLength":249,"service":"mcp-puppeteer","timestamp":"2026-01-16 02:13:27.903"}
{"hasResult":true,"level":"debug","logCount":0,"message":"Script execution result","resultType":"string","service":"mcp-puppeteer","timestamp":"2026-01-16 02:13:27.904"}
{"level":"info","message":"Puppeteer MCP Server closing","service":"mcp-puppeteer","timestamp":"2026-01-16 02:14:27.783"}
{"level":"info","message":"Starting MCP server","service":"mcp-puppeteer","timestamp":"2026-01-16 02:14:37.233"}
{"level":"info","message":"MCP server started successfully","service":"mcp-puppeteer","timestamp":"2026-01-16 02:14:37.234"}
{"arguments":{"url":"http://localhost:5203"},"level":"debug","message":"Tool call received","service":"mcp-puppeteer","timestamp":"2026-01-16 02:15:35.458","tool":"puppeteer_navigate"}
{"0":"n","1":"p","2":"x","level":"info","message":"Launching browser with config:","service":"mcp-puppeteer","timestamp":"2026-01-16 02:15:35.459"}
{"level":"info","message":"Browser launched successfully","service":"mcp-puppeteer","timestamp":"2026-01-16 02:15:36.173"}
{"level":"info","message":"Navigating to URL","service":"mcp-puppeteer","timestamp":"2026-01-16 02:15:36.173","url":"http://localhost:5203"}
{"level":"info","message":"Navigation successful","service":"mcp-puppeteer","status":200,"timestamp":"2026-01-16 02:15:44.344","url":"http://localhost:5203"}
{"arguments":{"height":900,"name":"verification-initial-load","width":1200},"level":"debug","message":"Tool call received","service":"mcp-puppeteer","timestamp":"2026-01-16 02:15:47.571","tool":"puppeteer_screenshot"}
{"arguments":{"selector":"textarea","value":"Session 62 verification API integration"},"level":"debug","message":"Tool call received","service":"mcp-puppeteer","timestamp":"2026-01-16 02:15:55.558","tool":"puppeteer_fill"}
{"arguments":{"height":900,"name":"verification-form-filled","width":1200},"level":"debug","message":"Tool call received","service":"mcp-puppeteer","timestamp":"2026-01-16 02:15:59.466","tool":"puppeteer_screenshot"}
{"arguments":{"selector":"button[type=\"submit\"]"},"level":"debug","message":"Tool call received","service":"mcp-puppeteer","timestamp":"2026-01-16 02:16:04.628","tool":"puppeteer_click"}
{"arguments":{"height":900,"name":"verification-after-submit","width":1200},"level":"debug","message":"Tool call received","service":"mcp-puppeteer","timestamp":"2026-01-16 02:16:16.202","tool":"puppeteer_screenshot"}
{"arguments":{"selector":"text=learning"},"level":"debug","message":"Tool call received","service":"mcp-puppeteer","timestamp":"2026-01-16 02:16:23.454","tool":"puppeteer_click"}
{"arguments":{"height":900,"name":"verification-after-vote","width":1200},"level":"debug","message":"Tool call received","service":"mcp-puppeteer","timestamp":"2026-01-16 02:16:35.558","tool":"puppeteer_screenshot"}
{"arguments":{"height":800,"name":"verification-mobile","width":375},"level":"debug","message":"Tool call received","service":"mcp-puppeteer","timestamp":"2026-01-16 02:16:42.712","tool":"puppeteer_screenshot"}
{"arguments":{"script":"window.scrollTo(0, 500); return 'scrolled';"},"level":"debug","message":"Tool call received","service":"mcp-puppeteer","timestamp":"2026-01-16 02:16:48.891","tool":"puppeteer_evaluate"}
{"level":"debug","message":"Executing script in browser","scriptLength":43,"service":"mcp-puppeteer","timestamp":"2026-01-16 02:16:48.891"}
{"hasResult":true,"level":"debug","logCount":0,"message":"Script execution result","resultType":"string","service":"mcp-puppeteer","timestamp":"2026-01-16 02:16:48.895"}
{"arguments":{"height":800,"name":"verification-mobile-scrolled","width":375},"level":"debug","message":"Tool call received","service":"mcp-puppeteer","timestamp":"2026-01-16 02:16:53.511","tool":"puppeteer_screenshot"}
{"arguments":{"script":"window.scrollTo(0, 1000); return 'scrolled';"},"level":"debug","message":"Tool call received","service":"mcp-puppeteer","timestamp":"2026-01-16 02:16:59.607","tool":"puppeteer_evaluate"}
{"level":"debug","message":"Executing script in browser","scriptLength":44,"service":"mcp-puppeteer","timestamp":"2026-01-16 02:16:59.607"}
{"hasResult":true,"level":"debug","logCount":0,"message":"Script execution result","resultType":"string","service":"mcp-puppeteer","timestamp":"2026-01-16 02:16:59.615"}
{"arguments":{"height":800,"name":"verification-mobile-wordcloud","width":375},"level":"debug","message":"Tool call received","service":"mcp-puppeteer","timestamp":"2026-01-16 02:17:03.750","tool":"puppeteer_screenshot"}
{"arguments":{"script":"\nconst errors = [];\nconst originalError = console.error;\nconsole.error = (...args) => { errors.push(args.join(' ')); originalError.apply(console, args); };\nreturn JSON.stringify({ hasErrors: errors.length > 0, errors: errors.slice(0, 5) });\n"},"level":"debug","message":"Tool call received","service":"mcp-puppeteer","timestamp":"2026-01-16 02:17:10.719","tool":"puppeteer_evaluate"}
{"level":"debug","message":"Executing script in browser","scriptLength":241,"service":"mcp-puppeteer","timestamp":"2026-01-16 02:17:10.720"}
{"hasResult":true,"level":"debug","logCount":0,"message":"Script execution result","resultType":"string","service":"mcp-puppeteer","timestamp":"2026-01-16 02:17:10.721"}
{"arguments":{"script":"\nreturn JSON.stringify({\n  sessionId: localStorage.getItem('wordcloud_session_id'),\n  lastSubmission: localStorage.getItem('wordcloud_last_submission'),\n  votedPhrases: JSON.parse(localStorage.getItem('wordcloud_voted_phrases') || '[]')\n});\n"},"level":"debug","message":"Tool call received","service":"mcp-puppeteer","timestamp":"2026-01-16 02:17:17.150","tool":"puppeteer_evaluate"}
{"level":"debug","message":"Executing script in browser","scriptLength":241,"service":"mcp-puppeteer","timestamp":"2026-01-16 02:17:17.150"}
{"hasResult":true,"level":"debug","logCount":0,"message":"Script execution result","resultType":"string","service":"mcp-puppeteer","timestamp":"2026-01-16 02:17:17.152"}
{"level":"info","message":"Puppeteer MCP Server closing","service":"mcp-puppeteer","timestamp":"2026-01-16 02:18:34.343"}
{"level":"info","message":"Starting MCP server","service":"mcp-puppeteer","timestamp":"2026-01-16 02:18:42.727"}
{"level":"info","message":"MCP server started successfully","service":"mcp-puppeteer","timestamp":"2026-01-16 02:18:42.728"}
